CNPJ;Sigla;Razão Social;Ativo;Distribuição;Geração;Transmissão;Comercialização;Estados Atendidos;Total Municípios;Lat Mínima;Lat Máxima;Lng Mínima;Lng Máxima;Lat Centro;Lng Centro;Tarifa Vigência Início;Tarifa Vigência Fim;Tarifa Modalidade;Tarifa Valor kWh;Projetos GD Total;Projetos GD Classe;Projetos GD Tipos;Mercado Anual Estimado
2030715000112;ANATEL;AGENCIA NACIONAL DE TELECOMUNICACOES;Sim;Sim;Sim;Sim;Sim;;0;;;;;;;;;;;;;;
7007955000110;ADASA;AGENCIA REGULADORA DE AGUAS, ENERGIA E SANEAMENTO BASICO DO DISTRITO FEDERAL - ADASA;Sim;Sim;Sim;Sim;Sim;;0;;;;;;;;;;;;;;
2341467000120;AME;AMAZONAS ENERGIA S.A;Sim;Sim;Sim;Não;Não;;0;;;;;;;;;;;;;;
33050071000158;ENEL RJ;AMPLA ENERGIA E SERVICOS S.A.;Sim;Sim;Sim;Não;Sim;SP, CE, RJ, GO;515;-24.5505;-2.7172;-50.2648;-37.5434;-16.71535;-44.4036;;;;;45000.0;;;R$ 20.25M
40059387000176;;BOQUEIRAO ENERGIA LTDA;Sim;Sim;Sim;Não;Sim;;0;;;;;;;;;;;;;;
9497818000217;;CANDEIAS ENERGIA S.A.;Sim;Sim;Sim;Sim;Sim;;0;;;;;;;;;;;;;;
85665990000130;CEJAMA;CEJAMA - COOPERATIVA DE ELETRICIDADE JACINTO MACHADO;Sim;Sim;Sim;Não;Não;;0;;;;;;;;;;;;;;
8336783000190;CELESC;CELESC DISTRIBUICAO S.A;Sim;Sim;Não;Não;Não;SC;295;-28.5954;-26.5954;-49.548;-47.548;-27.5954;-48.548;;;;;18000.0;;;R$ 8.1M
8336783000948;;CELESC DISTRIBUICAO S.A;Sim;Sim;Não;Não;Não;SC;295;-28.5954;-26.5954;-49.548;-47.548;-27.5954;-48.548;;;;;18000.0;;;R$ 8.1M
6981180000116;CEMIG-D;CEMIG DISTRIBUICAO S.A;Sim;Sim;Não;Não;Não;MG;774;-20.9167;-18.9167;-44.9345;-42.9345;-19.9167;-43.9345;;;;;38000.0;;;R$ 17.1M
88446034000155;ELETROCAR;CENTRAIS ELETRICAS DE CARAZINHO SA;Sim;Sim;Sim;Não;Não;;0;;;;;;;;;;;;;;
9364804000144;Ceraçá;CERACA - COOPERATIVA DISTRIBUIDORA DE ENERGIA VALE DO ARACA;Sim;Sim;Não;Não;Não;;0;;;;;;;;;;;;;;
28610236000169;CERAL ARARUAMA;CERAL COOPERATIVA DE ELTRIF RURAL DE ARARUAMA LTDA;Sim;Sim;Não;Não;Não;;0;;;;;;;;;;;;;;
97505838000179;CERFOX;CERFOX - COOPERATIVA DE DISTRIBUICAO DE ENERGIA FONTOURA XAVIER;Sim;Sim;Sim;Não;Não;;0;;;;;;;;;;;;;;
86512670000102;CERSUL;CERSUL - COOPERATIVA DE DISTRIBUICAO DE ENERGIA;Sim;Sim;Não;Não;Não;;0;;;;;;;;;;;;;;
3487121000106;COESO;COESO - COOPERATIVA DE ENERGIZACAO E DESENVOLVIMENTO RURAL DO SUDOESTE SULMATOGROSSENSE;Sim;Sim;Não;Não;Não;;0;;;;;;;;;;;;;;
75805895000130;COCEL;COMPANHIA CAMPOLARGUENSE DE ENERGIA COCEL;Sim;Sim;Não;Não;Não;;0;;;;;;;;;;;;;;
5965546000109;CEA;COMPANHIA DE ELETRICIDADE DO AMAPA CEA;Sim;Sim;Sim;Não;Não;;0;;;;;;;;;;;;;;
15139629000194;COELBA;COMPANHIA DE ELETRICIDADE DO ESTADO DA BAHIA COELBA;Sim;Sim;Sim;Não;Não;BA;415;-13.9777;-11.9777;-39.5016;-37.5016;-12.9777;-38.5016;;;;;24000.0;;;R$ 10.8M
17155730000164;CEMIG;COMPANHIA ENERGETICA DE MINAS GERAIS-CEMIG;Sim;Sim;Sim;Sim;Sim;MG;774;-20.9167;-18.9167;-44.9345;-42.9345;-19.9167;-43.9345;;;;;38000.0;;;R$ 17.1M
10835932000108;Neoenergia PE;COMPANHIA ENERGETICA DE PERNAMBUCO;Sim;Sim;Sim;Não;Não;RS;381;-31.0346;-29.0346;-52.2177;-50.2177;-30.0346;-51.2177;;;;;16000.0;;;R$ 7.2M
5938444000196;CERR;COMPANHIA ENERGETICA DE RORAIMA;Sim;Sim;Sim;Não;Não;RS;381;-31.0346;-29.0346;-52.2177;-50.2177;-30.0346;-51.2177;;;;;16000.0;;;R$ 7.2M
7047251000170;ENEL CE;COMPANHIA ENERGETICA DO CEARA;Sim;Sim;Não;Não;Não;SP, CE, RJ, GO;515;-24.5505;-2.7172;-50.2648;-37.5434;-16.71535;-44.4036;;;;;45000.0;;;R$ 20.25M
8324196000181;COSERN;COMPANHIA ENERGETICA DO RIO GRANDE DO NORTE COSERN;Sim;Sim;Não;Não;Não;RS;381;-31.0346;-29.0346;-52.2177;-50.2177;-30.0346;-51.2177;;;;;16000.0;;;R$ 7.2M
8467115000100;CEEE-D;COMPANHIA ESTADUAL DE DISTRIBUICAO DE ENERGIA ELETRICA - CEEE-D;Sim;Sim;Não;Não;Sim;;0;;;;;;;;;;;;;;
77882504000107;CFLO;COMPANHIA FORCA E LUZ DO OESTE;Sim;Sim;Não;Não;Não;;0;;;;;;;;;;;;;;
1377555000110;CHESP;COMPANHIA HIDROELETRICA SAO PATRICIO - CHESP;Sim;Sim;Sim;Não;Não;;0;;;;;;;;;;;;;;
53859112000169;CPFL JAGUARI;COMPANHIA JAGUARI DE ENERGIA;Sim;Sim;Sim;Não;Não;SP;234;-23.9099;-21.9099;-48.0626;-46.0626;-22.9099;-47.0626;;;;;32000.0;;;R$ 14.4M
61015582000174;CPFL LESTE PAULI;COMPANHIA LESTE PAULISTA DE ENERGIA;Sim;Sim;Sim;Não;Não;SP;234;-23.9099;-21.9099;-48.0626;-46.0626;-22.9099;-47.0626;;;;;32000.0;;;R$ 14.4M
52503802000118;CPFL MOCOCA;COMPANHIA LUZ E FORCA DE MOCOCA;Sim;Sim;Sim;Não;Não;SP;234;-23.9099;-21.9099;-48.0626;-46.0626;-22.9099;-47.0626;;;;;32000.0;;;R$ 14.4M
61116265000144;CPFL SANTA CRUZ;COMPANHIA LUZ E FORCA SANTA CRUZ;Sim;Sim;Não;Não;Não;SP;234;-23.9099;-21.9099;-48.0626;-46.0626;-22.9099;-47.0626;;;;;32000.0;;;R$ 14.4M
61416244000144;CNEE;COMPANHIA NACIONAL DE ENERGIA ELETRICA;Sim;Sim;Sim;Não;Não;;0;;;;;;;;;;;;;;
33050196000188;CPFL-PAULISTA;COMPANHIA PAULISTA DE FORCA E LUZ;Sim;Sim;Sim;Não;Não;SP;234;-23.9099;-21.9099;-48.0626;-46.0626;-22.9099;-47.0626;;;;;32000.0;;;R$ 14.4M
4172213000151;CPFL-PIRATINING;COMPANHIA PIRATININGA DE FORCA E LUZ;Sim;Sim;Não;Não;Não;SP;234;-23.9099;-21.9099;-48.0626;-46.0626;-22.9099;-47.0626;;;;;32000.0;;;R$ 14.4M
60855608000120;CPFL SUL PAULIST;COMPANHIA SUL PAULISTA DE ENERGIA;Sim;Sim;Sim;Não;Não;SP;234;-23.9099;-21.9099;-48.0626;-46.0626;-22.9099;-47.0626;;;;;32000.0;;;R$ 14.4M
13255658000196;SULGIPE;COMPANHIA SUL SERGIPANA DE ELETRICIDADE;Sim;Sim;Sim;Não;Não;;0;;;;;;;;;;;;;;
32681737000103;;COMPLEXO SOLAR IBICUITINGA GERACAO DE ENERGIA ELETRICA LTDA;Sim;Sim;Sim;Não;Sim;;0;;;;;;;;;;;;;;
33012498000161;Rosario;COMPLEXO SOLAR ROSARIO GERACAO DE ENERGIA LTDA;Sim;Sim;Sim;Não;Sim;;0;;;;;;;;;;;;;;
26996892000116;;CONFEDERACAO NACIONAL DAS COOPERATIVAS DE INFRA ESTRUTURA LTDA;Sim;Sim;Sim;Não;Não;;0;;;;;;;;;;;;;;
1560379000157;CONSTRUTORA LJA;CONSTRUTORA LJA LTDA;Sim;Sim;Sim;Não;Não;;0;;;;;;;;;;;;;;
3978632000112;CERCAMPO;COOP DE ELET RURAL DA GRANDE CAMPO GRANDE - CERCAMPO;Sim;Sim;Sim;Não;Não;;0;;;;;;;;;;;;;;
49606312000132;CERIPa;COOP DE ELET RURAL DE ITAI PARANAPANEMA AVARE LTDA;Sim;Sim;Sim;Não;Não;;0;;;;;;;;;;;;;;
88819099000107;CERVALE;COOP DE ELETRIFICACAO RURAL DO VALE DO JAGUARI LTDA;Sim;Sim;Sim;Não;Não;;0;;;;;;;;;;;;;;
76879295000180;CERCAR;COOP. DE ELETRIF. E DESENV. ECONOMICO DE MAL. CDO. RONDON - CERCAR;Sim;Sim;Sim;Não;Não;;0;;;;;;;;;;;;;;
83647990000181;COOPERALIANÇA;COOPERATIVA ALIANCA;Sim;Sim;Não;Não;Não;;0;;;;;;;;;;;;;;
75826404000138;CERAL ANITÁPOLIS;COOPERATIVA DE DISTRIBUICAO DE ENERGIA ELETRICA DE ANITAPOLIS - CERAL;Sim;Sim;Não;Não;Não;;0;;;;;;;;;;;;;;
10532365000110;CERAL-DIS;COOPERATIVA DE DISTRIBUICAO DE ENERGIA ELETRICA DE ARAPOTI;Sim;Sim;Não;Não;Não;;0;;;;;;;;;;;;;;
30460297000139;CASTRO-DIS;COOPERATIVA DE DISTRIBUICAO DE ENERGIA ELETRICA DE CASTRO;Sim;Sim;Não;Não;Não;;0;;;;;;;;;;;;;;
11615872000180;CERSAD DISTRIBUI;COOPERATIVA DE DISTRIBUICAO DE ENERGIA ELETRICA SALTO DONNER;Sim;Sim;Não;Não;Não;;0;;;;;;;;;;;;;;
11810343000138;CODESAM;COOPERATIVA DE DISTRIBUICAO DE ENERGIA ELETRICA SANTA MARIA;Sim;Sim;Não;Não;Não;;0;;;;;;;;;;;;;;
98042963000152;CERTHIL;COOPERATIVA DE DISTRIBUICAO DE ENERGIA ENTRE RIOS LTDA;Sim;Sim;Sim;Não;Não;;0;;;;;;;;;;;;;;
9257558000121;CERTEL ENERGIA;COOPERATIVA DE DISTRIBUICAO DE ENERGIA TEUTONIA;Sim;Sim;Sim;Não;Não;;0;;;;;;;;;;;;;;
97081434000103;CERMISSÕES;COOPERATIVA DE DISTRIBUICAO E GERACAO DE ENERGIA DAS MISSOES - CERMISSOES;Sim;Sim;Sim;Não;Não;;0;;;;;;;;;;;;;;
52777034000190;CEMIRIM;COOPERATIVA DE ELETR. E DESENV. DA REGIAO DE MOGI MIRIM;Sim;Sim;Não;Não;Não;;0;;;;;;;;;;;;;;
86449170000173;CERGRAL;COOPERATIVA DE ELETRICIDADE DE GRAVATAL;Sim;Sim;Não;Não;Não;;0;;;;;;;;;;;;;;
85318640000105;CERPALO;COOPERATIVA DE ELETRICIDADE DE PAULO LOPES;Sim;Sim;Não;Não;Não;;0;;;;;;;;;;;;;;
86444163000189;CEGERO;COOPERATIVA DE ELETRICIDADE DE SAO LUDGERO;Sim;Sim;Não;Não;Não;;0;;;;;;;;;;;;;;
1229747000189;CERGAPA;COOPERATIVA DE ELETRICIDADE GRAO PARA;Sim;Sim;Não;Não;Não;;0;;;;;;;;;;;;;;
78274610000170;CEPRAG;COOPERATIVA DE ELETRICIDADE PRAIA GRANDE;Sim;Sim;Não;Não;Não;;0;;;;;;;;;;;;;;
86439510000185;CERGAL;COOPERATIVA DE ELETRIFICACAO ANITA GARIBALDI;Sim;Sim;Não;Não;Não;;0;;;;;;;;;;;;;;
87776043000141;CELETRO;COOPERATIVA DE ELETRIFICACAO CENTRO JACUI LTDA;Sim;Sim;Sim;Não;Não;;0;;;;;;;;;;;;;;
57384943000182;CERIS;COOPERATIVA DE ELETRIFICACAO DA REGIAO DE ITAPECERICA DA SERRA;Sim;Sim;Sim;Não;Não;;0;;;;;;;;;;;;;;
60196987000193;CEDRAP;COOPERATIVA DE ELETRIFICACAO DA REGIAO DO ALTO PARAIBA;Sim;Sim;Sim;Não;Não;;0;;;;;;;;;;;;;;
86433042000131;CERBRANORTE;COOPERATIVA DE ELETRIFICACAO DE BRACO DO NORTE;Sim;Sim;Não;Não;Não;;0;;;;;;;;;;;;;;
49313653000110;CETRIL;COOPERATIVA DE ELETRIFICACAO DE IBIUNA E REGIAO;Sim;Sim;Sim;Não;Não;;0;;;;;;;;;;;;;;
52548732000114;CERMC;COOPERATIVA DE ELETRIFICACAO E DESENVOLVIMENTO DA REGIAO DE MOGI DAS CRUZES;Sim;Sim;Não;Não;Sim;;0;;;;;;;;;;;;;;
46598678000119;CERRP;COOPERATIVA DE ELETRIFICACAO E DESENVOLVIMENTO DA REGIAO DE SAO JOSE DO RIO PRETO-CERRP;Sim;Sim;Sim;Não;Não;;0;;;;;;;;;;;;;;
13107842000199;CERCOS;COOPERATIVA DE ELETRIFICACAO E DESENVOLVIMENTO RURAL CENTRO SUL DE SERGIPE LTDA;Sim;Sim;Sim;Não;Não;;0;;;;;;;;;;;;;;
53176038000186;CERNHE;COOPERATIVA DE ELETRIFICACAO E DESENVOLVIMENTO RURAL DA REGIAO DE NOVO HORIZONTE;Sim;Sim;Não;Não;Não;;0;;;;;;;;;;;;;;
50105865000190;CEDRI;COOPERATIVA DE ELETRIFICACAO E DISTRIBUICAO DA REGIAO DE ITARIRI;Sim;Sim;Sim;Não;Não;;0;;;;;;;;;;;;;;
75568154000183;COOPERMILA;COOPERATIVA DE ELETRIFICACAO LAURO MULLER;Sim;Sim;Não;Não;Não;;0;;;;;;;;;;;;;;
27707397000102;CERCI;COOPERATIVA DE ELETRIFICACAO RURAL CACHOEIRAS ITABORAI LTDA;Sim;Sim;Sim;Não;Não;;0;;;;;;;;;;;;;;
45961307000197;CERMESO;COOPERATIVA DE ELETRIFICACAO RURAL DA MEDIA SOROCABANA;Sim;Sim;Não;Não;Não;;0;;;;;;;;;;;;;;
53340840000160;CEROC;COOPERATIVA DE ELETRIFICACAO RURAL DA REGIAO DE OSVALDO CRUZ;Sim;Sim;Não;Não;Não;;0;;;;;;;;;;;;;;
48375950000127;CERPAL;COOPERATIVA DE ELETRIFICACAO RURAL DA REGIAO DE PALMITAL 'CERPAL';Sim;Sim;Não;Não;Não;;0;;;;;;;;;;;;;;
44560381000139;CERPRO;COOPERATIVA DE ELETRIFICACAO RURAL DA REGIAO DE PROMISSAO;Sim;Sim;Sim;Não;Não;;0;;;;;;;;;;;;;;
72557085000114;CERT;COOPERATIVA DE ELETRIFICACAO RURAL DA REGIAO DE TUPA;Sim;Sim;Sim;Não;Não;;0;;;;;;;;;;;;;;
76995232000199;CERCHO;COOPERATIVA DE ELETRIFICACAO RURAL DE CHOPINZINHO LTDA;Sim;Sim;Sim;Não;Não;;0;;;;;;;;;;;;;;
31465487000101;CERES;COOPERATIVA DE ELETRIFICACAO RURAL DE RESENDE LTDA;Sim;Sim;Sim;Não;Não;;0;;;;;;;;;;;;;;
50235449000107;CERIM;COOPERATIVA DE ELETRIFICAO E DESENVOLVIMENTO DA REGIAO DE ITU MAIRINQUE;Sim;Sim;Sim;Não;Não;;0;;;;;;;;;;;;;;
76583962000182;CERTREL;COOPERATIVA DE ENERGIA TREVISO;Sim;Sim;Não;Não;Não;;0;;;;;;;;;;;;;;
55188502000180;CERVAM;COOPERATIVA DE ENERGIZACAO E DE DESENVOLVIMENTO DO VALE DO MOGI;Sim;Sim;Sim;Não;Não;;0;;;;;;;;;;;;;;
3747565000125;UFV SANTA TEREZINHA;COOPERATIVA DE ENERGIZACAO E DESENVOLVIMENTO RURAL DA GRANDE DOURADOS CERGRAND;Sim;Sim;Sim;Não;Não;;0;;;;;;;;;;;;;;
15939937000102;CERBEMS;COOPERATIVA DE ENERGIZACAO E DESENVOLVIMENTO RURAL DO BOLSAO DO ESTADO DE MATO GROSSO DO SUL;Sim;Sim;Sim;Sim;Não;;0;;;;;;;;;;;;;;
78322229000130;CERAL;COOPERATIVA DE INFRA ESTRUTURA DE ARAPOTI - CERAL.;Sim;Sim;Não;Não;Não;;0;;;;;;;;;;;;;;
76108240000176;ELETRORURAL;COOPERATIVA DE INFRAESTRUTURA CASTROLANDA - ELETRORURAL;Sim;Sim;Não;Não;Não;;0;;;;;;;;;;;;;;
76202779000190;CERPA;COOPERATIVA DE INFRAESTRUTURA E ELETRIFICACAO RURAL DE PALOTINA;Sim;Sim;Sim;Não;Não;;0;;;;;;;;;;;;;;
82574864000181;CEREJ;COOPERATIVA DE PRESTACAO DE SERVICOS PUBLICOS DE DISTRIBUICAO DE ENERGIA ELETRICA SENADOR ESTEVES JUNIOR - CEREJ;Sim;Sim;Não;Não;Não;;0;;;;;;;;;;;;;;
86532348000145;COOPERCOCAL;COOPERATIVA ENERGETICA COCAL;Sim;Sim;Não;Não;Não;RS;381;-31.0346;-29.0346;-52.2177;-50.2177;-30.0346;-51.2177;;;;;16000.0;;;R$ 7.2M
86533346000170;CERMOFUL;COOPERATIVA FUMACENSE DE ELETRICIDADE - CERMOFUL ENERGIA;Sim;Sim;Não;Não;Não;;0;;;;;;;;;;;;;;
83646653000170;COOPERA;COOPERATIVA PIONEIRA DE ELETRIFICACAO - COOPERA;Sim;Sim;Não;Não;Não;;0;;;;;;;;;;;;;;
88022918000182;COOPERNORTE;COOPERATIVA REGIONAL DE DISTRIBUICAO DE ENERGIA DO LITORAL NORTE - COOPERNORTE;Sim;Sim;Sim;Não;Não;;0;;;;;;;;;;;;;;
87462750000163;COOPERSUL;COOPERATIVA REGIONAL DE ELETRIF RURAL FRONTEIRA SUL LTD;Sim;Sim;Sim;Não;Não;;0;;;;;;;;;;;;;;
87656989000174;CERILUZ;COOPERATIVA REGIONAL DE ENERGIA E DESENVOLVIMENTO IJUI LTDA;Sim;Sim;Não;Não;Não;;0;;;;;;;;;;;;;;
97839922000129;CERTAJA;COOPERATIVA REGIONAL DE ENERGIA TAQUARI JACUI;Sim;Sim;Sim;Não;Sim;;0;;;;;;;;;;;;;;
86448057000173;COORSEL;COOPERATIVA REGIONAL SUL DE ELETRIFICACAO RURAL;Sim;Sim;Não;Não;Não;;0;;;;;;;;;;;;;;
89494132000120;COSEL;COOPERATIVA SUDESTE DE ELETRIFICACAO RURAL LTDA;Sim;Sim;Sim;Não;Não;;0;;;;;;;;;;;;;;
95824322000161;COOPERLUZ;COOPERLUZ - COOPERATIVA DISTRIBUIDORA DE ENERGIA FRONTEIRA NOROESTE;Sim;Sim;Não;Não;Não;;0;;;;;;;;;;;;;;
78829843000192;COOPERZEM;COOPERZEM COOPERATIVA DE DISTRIBUICAO DE ENERGIA ELETRICA;Sim;Sim;Sim;Não;Não;;0;;;;;;;;;;;;;;
4368898000106;COPEL-DIS;COPEL DISTRIBUICAO S.A.;Sim;Sim;Não;Não;Não;PR;399;-26.4296;-24.4296;-50.2713;-48.2713;-25.4296;-49.2713;;;;;28000.0;;;R$ 12.6M
90660754000160;COPREL;COPREL COOPERATIVA DE ENERGIA;Sim;Sim;Não;Não;Não;;0;;;;;;;;;;;;;;
91950261000128;CRELUZ-D;CRELUZ - COOPERATIVA DE DISTRIBUICAO DE ENERGIA;Sim;Sim;Não;Não;Não;;0;;;;;;;;;;;;;;
89435598000155;;CRERAL - COOPERATIVA REGIONAL DE ELETRIFICACAO RURAL DO ALTO URUGUAI;Sim;Sim;Não;Não;Não;;0;;;;;;;;;;;;;;
83855973000130;DCELT;DCELT DISTRIBUIDORA CATARINENSE DE ENERGIA ELETRICA S/A;Sim;Sim;Não;Não;Não;;0;;;;;;;;;;;;;;
95289500000100;DEMEI;DEPARTAMENTO MUNICIPAL DE ENERGIA DE IJUI;Sim;Sim;Sim;Não;Não;;0;;;;;;;;;;;;;;
23664303000104;DMED;DME DISTRIBUICAO S.A. - DMED;Sim;Sim;Sim;Não;Não;;0;;;;;;;;;;;;;;
28152650000171;EDP ES;EDP ESPIRITO SANTO DISTRIBUICAO DE ENERGIA S.A.;Sim;Sim;Sim;Não;Não;;0;;;;;;;;;;;;;;
2302100000106;EDP SP;EDP SAO PAULO DISTRIBUICAO DE ENERGIA S.A.;Sim;Sim;Não;Não;Não;;0;;;;;;;;;;;;;;
2328280000197;ELEKTRO;ELEKTRO REDES S.A.;Sim;Sim;Sim;Não;Não;;0;;;;;;;;;;;;;;
61695227000193;ELETROPAULO;ELETROPAULO METROPOLITANA ELETRICIDADE DE SAO PAULO S.A.;Sim;Sim;Sim;Não;Não;;0;;;;;;;;;;;;;;
7297359000111;EDEVP;EMPRESA DE DISTRIBUICAO DE ENERGIA VALE PARANAPANEMA S.A.;Sim;Sim;Não;Não;Não;;0;;;;;;;;;;;;;;
60942281000123;EEB;EMPRESA ELETRICA BRAGANTINA S A;Sim;Sim;Sim;Não;Não;;0;;;;;;;;;;;;;;
86531175000140;EFLUL;EMPRESA FORCA E LUZ DE URUSSANGA LTDA;Sim;Sim;Não;Não;Não;;0;;;;;;;;;;;;;;
86301124000122;EFLJC;EMPRESA FORCA E LUZ JOAO CESA LTDA;Sim;Sim;Não;Não;Não;;0;;;;;;;;;;;;;;
27485069000109;ELFSM;EMPRESA LUZ E FORCA SANTA MARIA S A;Sim;Sim;Sim;Não;Não;;0;;;;;;;;;;;;;;
26770857000184;E INVESTIMENTOS;ENEL INVESTIMENTOS S/A;Sim;Sim;Não;Não;Não;SP, CE, RJ, GO;515;-24.5505;-2.7172;-50.2648;-37.5434;-16.71535;-44.4036;;;;;45000.0;;;R$ 20.25M
44058608000142;BUIQUE;ENERGIA DE BUIQUE LTDA;Sim;Sim;Sim;Não;Não;;0;;;;;;;;;;;;;;
4065033000170;EAC;ENERGISA ACRE - DISTRIBUIDORA DE ENERGIA S.A;Sim;Sim;Sim;Não;Não;MT, MS, TO, RO, AC, SE, PB, MG, SP, RJ, PR;901;-26.4296;-6.1219;-71.812;-33.845;-15.803554545454546;-49.88028181818181;;;;;78000.0;;;R$ 35.1M
8826596000195;EBO;ENERGISA BORBOREMA - DISTRIBUIDORA DE ENERGIA S.A;Sim;Sim;Não;Não;Não;MT, MS, TO, RO, AC, SE, PB, MG, SP, RJ, PR;901;-26.4296;-6.1219;-71.812;-33.845;-15.803554545454546;-49.88028181818181;;;;;78000.0;;;R$ 35.1M
3467321000199;EMT;ENERGISA MATO GROSSO - DISTRIBUIDORA DE ENERGIA S.A.;Sim;Sim;Sim;Não;Não;MT, MS, TO, RO, AC, SE, PB, MG, SP, RJ, PR;901;-26.4296;-6.1219;-71.812;-33.845;-15.803554545454546;-49.88028181818181;;;;;78000.0;;;R$ 35.1M
15413826000150;EMS;ENERGISA MATO GROSSO DO SUL - DISTRIBUIDORA DE ENERGIA S.A.;Sim;Sim;Sim;Não;Não;MT, MS, TO, RO, AC, SE, PB, MG, SP, RJ, PR;901;-26.4296;-6.1219;-71.812;-33.845;-15.803554545454546;-49.88028181818181;;;;;78000.0;;;R$ 35.1M
19527639006601;;ENERGISA MINAS RIO - DISTRIBUIDORA DE ENERGIA S.A.;Sim;Sim;Não;Não;Não;MT, MS, TO, RO, AC, SE, PB, MG, SP, RJ, PR;901;-26.4296;-6.1219;-71.812;-33.845;-15.803554545454546;-49.88028181818181;;;;;78000.0;;;R$ 35.1M
19527639000158;EMR;ENERGISA MINAS RIO - DISTRIBUIDORA DE ENERGIA S.A.;Sim;Sim;Sim;Não;Não;MT, MS, TO, RO, AC, SE, PB, MG, SP, RJ, PR;901;-26.4296;-6.1219;-71.812;-33.845;-15.803554545454546;-49.88028181818181;;;;;78000.0;;;R$ 35.1M
33249046000106;ENF;ENERGISA NOVA FRIBURGO - DISTRIBUIDORA DE ENERGIA S.A.;Sim;Sim;Sim;Não;Não;MT, MS, TO, RO, AC, SE, PB, MG, SP, RJ, PR;901;-26.4296;-6.1219;-71.812;-33.845;-15.803554545454546;-49.88028181818181;;;;;78000.0;;;R$ 35.1M
9095183000140;EPB;ENERGISA PARAIBA - DISTRIBUIDORA DE ENERGIA S.A;Sim;Sim;Não;Não;Não;MT, MS, TO, RO, AC, SE, PB, MG, SP, RJ, PR;901;-26.4296;-6.1219;-71.812;-33.845;-15.803554545454546;-49.88028181818181;;;;;78000.0;;;R$ 35.1M
5914650000166;ERO;ENERGISA RONDONIA - DISTRIBUIDORA DE ENERGIA S.A;Sim;Sim;Sim;Não;Não;MT, MS, TO, RO, AC, SE, PB, MG, SP, RJ, PR;901;-26.4296;-6.1219;-71.812;-33.845;-15.803554545454546;-49.88028181818181;;;;;78000.0;;;R$ 35.1M
13017462000163;ESE;ENERGISA SERGIPE - DISTRIBUIDORA DE ENERGIA S.A;Sim;Sim;Não;Não;Não;MT, MS, TO, RO, AC, SE, PB, MG, SP, RJ, PR;901;-26.4296;-6.1219;-71.812;-33.845;-15.803554545454546;-49.88028181818181;;;;;78000.0;;;R$ 35.1M
7282377000120;ESS;ENERGISA SUL-SUDESTE - DISTRIBUIDORA DE ENERGIA S.A.;Sim;Sim;Não;Não;Não;MT, MS, TO, RO, AC, SE, PB, MG, SP, RJ, PR;901;-26.4296;-6.1219;-71.812;-33.845;-15.803554545454546;-49.88028181818181;;;;;78000.0;;;R$ 35.1M
25086034000171;ETO;ENERGISA TOCANTINS DISTRIBUIDORA DE ENERGIA S.A.;Sim;Sim;Sim;Não;Não;MT, MS, TO, RO, AC, SE, PB, MG, SP, RJ, PR;901;-26.4296;-6.1219;-71.812;-33.845;-15.803554545454546;-49.88028181818181;;;;;78000.0;;;R$ 35.1M
12272084000100;EQUATORIAL AL;EQUATORIAL ALAGOAS DISTRIBUIDORA DE ENERGIA S.A.;Sim;Sim;Não;Não;Não;MA, PA, PI, AL;687;-10.6658;-0.4554;-49.4898;-34.7353;-4.6872750000000005;-42.82775;;;;;41000.0;;;R$ 18.5M
1543032000104;EQUATORIAL GO;EQUATORIAL GOIAS DISTRIBUIDORA DE ENERGIA S/A;Sim;Sim;Não;Não;Não;MA, PA, PI, AL;687;-10.6658;-0.4554;-49.4898;-34.7353;-4.6872750000000005;-42.82775;;;;;41000.0;;;R$ 18.5M
6272793000184;EQUATORIAL MA;EQUATORIAL MARANHAO DISTRIBUIDORA DE ENERGIA S.A;Sim;Sim;Sim;Não;Não;MA, PA, PI, AL;687;-10.6658;-0.4554;-49.4898;-34.7353;-4.6872750000000005;-42.82775;;;;;41000.0;;;R$ 18.5M
4895728000180;EQUATORIAL PA;EQUATORIAL PARA DISTRIBUIDORA DE ENERGIA S.A.;Sim;Sim;Sim;Não;Não;MA, PA, PI, AL;687;-10.6658;-0.4554;-49.4898;-34.7353;-4.6872750000000005;-42.82775;;;;;41000.0;;;R$ 18.5M
6840748000189;EQUATORIAL PI;EQUATORIAL PIAUI DISTRIBUIDORA DE ENERGIA S.A;Sim;Sim;Não;Não;Não;MA, PA, PI, AL;687;-10.6658;-0.4554;-49.4898;-34.7353;-4.6872750000000005;-42.82775;;;;;41000.0;;;R$ 18.5M
28127806000164;ETENE;ETENE - EMPRESA TRANSMISSORA DE ENERGIA DO NORDESTE S/A;Sim;Sim;Não;Sim;Não;;0;;;;;;;;;;;;;;
87909586000190;EEVP;FED DAS COOP DE ENERGIA TELEFONICA E DES RURAL RGS LTDA;Sim;Sim;Sim;Não;Não;;0;;;;;;;;;;;;;;
79850574000109;PACTO ENERGIA PR;FORCA E LUZ CORONEL VIVIDA LTDA;Sim;Sim;Sim;Não;Não;;0;;;;;;;;;;;;;;
47946172000116;;HIDROELETRICA BRACO SUL LTDA;Sim;Sim;Sim;Não;Sim;;0;;;;;;;;;;;;;;
44461290000146;;HIDROELETRICA DIAMANTINO LTDA;Sim;Sim;Sim;Não;Não;;0;;;;;;;;;;;;;;
91982348000187;HIDROPAN;HIDROPAN DISTRIBUICAO DE ENERGIA S.A.;Sim;Sim;Sim;Não;Não;;0;;;;;;;;;;;;;;
60444437000146;LIGHT SESA;LIGHT SERVICOS DE ELETRICIDADE S A;Sim;Sim;Sim;Não;Não;;0;;;;;;;;;;;;;;
43963007000111;;MATO GROSSO EMPREENDIMENTO ENERGETICO LTDA;Sim;Sim;Sim;Não;Não;RS;381;-31.0346;-29.0346;-52.2177;-50.2177;-30.0346;-51.2177;;;;;16000.0;;;R$ 7.2M
97578090000134;MUXENERGIA;MUXFELDT MARIN E CIA LTDA;Sim;Sim;Sim;Não;Não;;0;;;;;;;;;;;;;;
7522669000192;Neoenergia Brasília;NEOENERGIA DISTRIBUICAO BRASILIA S.A.;Sim;Sim;Não;Não;Não;;0;;;;;;;;;;;;;;
89889604000144;UHENPAL;NOVA PALMA ENERGIA LTDA;Sim;Sim;Sim;Não;Não;;0;;;;;;;;;;;;;;
23888824000145;VDB III;PARQUE EOLICO VENTOS DA BAHIA III S.A.;Sim;Sim;Sim;Sim;Sim;;0;;;;;;;;;;;;;;
45390819000140;;PARQUE SOLAR ALTUS 1 LTDA;Sim;Sim;Sim;Sim;Não;;0;;;;;;;;;;;;;;
45391268000130;;PARQUE SOLAR ALTUS 10 LTDA;Sim;Sim;Sim;Sim;Sim;;0;;;;;;;;;;;;;;
45391255000160;;PARQUE SOLAR ALTUS 12 LTDA;Sim;Sim;Sim;Sim;Sim;;0;;;;;;;;;;;;;;
45391500000130;;PARQUE SOLAR ALTUS 13 LTDA;Sim;Sim;Sim;Sim;Não;;0;;;;;;;;;;;;;;
45391313000156;;PARQUE SOLAR ALTUS 14 LTDA;Sim;Sim;Sim;Sim;Não;;0;;;;;;;;;;;;;;
45391429000195;;PARQUE SOLAR ALTUS 15 LTDA;Sim;Sim;Sim;Sim;Não;;0;;;;;;;;;;;;;;
45391444000133;;PARQUE SOLAR ALTUS 16 LTDA;Sim;Sim;Sim;Sim;Sim;;0;;;;;;;;;;;;;;
45389135000129;;PARQUE SOLAR ALTUS 2 LTDA;Sim;Sim;Sim;Sim;Sim;;0;;;;;;;;;;;;;;
45429236000186;;PARQUE SOLAR ALTUS 3 LTDA;Sim;Sim;Sim;Sim;Sim;;0;;;;;;;;;;;;;;
45390125000103;;PARQUE SOLAR ALTUS 4 LTDA;Sim;Sim;Sim;Sim;Sim;;0;;;;;;;;;;;;;;
45422206000148;;PARQUE SOLAR ALTUS 5 LTDA;Sim;Sim;Sim;Sim;Sim;;0;;;;;;;;;;;;;;
45390238000109;;PARQUE SOLAR ALTUS 6 LTDA;Sim;Sim;Sim;Sim;Sim;;0;;;;;;;;;;;;;;
45391470000161;;PARQUE SOLAR ALTUS 7 LTDA;Sim;Sim;Sim;Sim;Não;;0;;;;;;;;;;;;;;
45390901000175;;PARQUE SOLAR ALTUS 8 LTDA;Sim;Sim;Sim;Sim;Não;;0;;;;;;;;;;;;;;
45391079000167;;PARQUE SOLAR ALTUS 9 LTDA;Sim;Sim;Sim;Sim;Sim;;0;;;;;;;;;;;;;;
13744588000130;;PHOENIX ENERGIAS RENOVAVEIS LTDA.;Sim;Sim;Sim;Não;Não;;0;;;;;;;;;;;;;;
2016440000162;RGE SUL;RGE SUL DISTRIBUIDORA DE ENERGIA S.A.;Sim;Sim;Não;Não;Não;RS;381;-31.0346;-29.0346;-52.2177;-50.2177;-30.0346;-51.2177;;;;;16000.0;;;R$ 7.2M
2016439000138;RGE;RIO GRANDE ENERGIA SA;Sim;Sim;Não;Não;Não;RS;381;-31.0346;-29.0346;-52.2177;-50.2177;-30.0346;-51.2177;;;;;16000.0;;;R$ 7.2M
2341470000144;BOA VISTA;RORAIMA ENERGIA S.A;Sim;Sim;Sim;Não;Não;;0;;;;;;;;;;;;;;
43929283000163;SENTO SE VIII;SENTO SE VIII ENERGIA LTDA;Sim;Sim;Sim;Não;Não;;0;;;;;;;;;;;;;;
43970469000166;SENTO SE XI;SENTO SE XI ENERGIA LTDA;Sim;Sim;Sim;Não;Não;;0;;;;;;;;;;;;;;
43973055000190;SENTO SE XIII;SENTO SE XIII ENERGIA LTDA;Sim;Sim;Sim;Não;Não;;0;;;;;;;;;;;;;;
43970792000130;SENTO SE XIV;SENTO SE XIV ENERGIA LTDA;Sim;Sim;Sim;Não;Não;;0;;;;;;;;;;;;;;
18835594000116;SERTÃO BRASIL;SERTAO BRASIL ENERGIA SOLAR LTDA;Sim;Sim;Sim;Não;Não;;0;;;;;;;;;;;;;;
35721401000115;;SOLTEC BRASIL DESENVOLVIMENTO DE PROJETOS DE ENERGIA E PARTICIPACOES LTDA.;Sim;Sim;Sim;Sim;Não;;0;;;;;;;;;;;;;;
43651532000100;GYBR X;UFV GYBR X CONSULTORIA EM GESTAO E INSTALACAO FOTOVOLTAICA LTDA;Sim;Sim;Sim;Sim;Não;;0;;;;;;;;;;;;;;
43651000000164;GYBR XIII;UFV GYBR XIII CONSULTORIA EM GESTAO E INSTALACAO FOTOVOLTAICA LTDA;Sim;Sim;Sim;Sim;Não;;0;;;;;;;;;;;;;;
39841138000159;;USINA FOTOVOLTAICA VALE DO BOM JESUS LTDA;Sim;Sim;Sim;Não;Não;;0;;;;;;;;;;;;;;
15673859000139;;VENTOS DE SANTA INES ENERGIAS RENOVAVEIS SA;Sim;Sim;Sim;Não;Sim;;0;;;;;;;;;;;;;;
14676003000154;VSA VIII;VENTOS DE SANTO AUGUSTO VIII ENERGIAS RENOVAVEIS S.A;Sim;Sim;Sim;Não;Não;;0;;;;;;;;;;;;;;
