sku,primary_image,all_images,source,score,price_brl,gross_margin_percent,weight_kg,candidate_urls
"NEOSOLARCABLES25205","https://cdn.yellosolarhub.com/products/cabos/neosolar_cables_25205.jpg","https://cdn.yellosolarhub.com/products/cabos/neosolar_cables_25205.jpg|neosolar_cables_25205.jpg","imgs-index",100,12595.95,20,0,"https://cdn.yellosolarhub.com/products/cabos/neosolar_cables_25205.jpg|[object Object]"
"FOTUSKP04600KWPCERAMICOKITSHIBRIDOS","https://cdn.yellosolarhub.com/products/kits/FOTUS-KP04-600kWp-Ceramico-kits-hibridos.jpg","https://cdn.yellosolarhub.com/products/kits/FOTUS-KP04-600kWp-Ceramico-kits-hibridos.jpg|FOTUS-KP04-600kWp-Ceramico-kits-hibridos.jpg","imgs-index",100,12587.99,20,0,"https://cdn.yellosolarhub.com/products/kits/FOTUS-KP04-600kWp-Ceramico-kits-hibridos.jpg|[object Object]"
"IIN00235","https://cdn.yellosolarhub.com/products/FORTLEV/IIN00235.png","https://cdn.yellosolarhub.com/products/FORTLEV/IIN00235.png|IIN00235.png","imgs-index",100,12587,20,0,"https://cdn.yellosolarhub.com/products/FORTLEV/IIN00235.png|[object Object]"
"292421","https://cdn.yellosolarhub.com/products/inversores/292421.jpg","https://cdn.yellosolarhub.com/products/inversores/292421.jpg|292421.jpg","imgs-index",100,12566.95,20,0,"https://cdn.yellosolarhub.com/products/inversores/292421.jpg|[object Object]"
"SKU28798928798917459120523305528","https://cdn.yellosolarhub.com/products/paineis/sku_287989_287989-17459120523305528.jpeg","https://cdn.yellosolarhub.com/products/paineis/sku_287989_287989-17459120523305528.jpeg|sku_287989_287989-17459120523305528.jpeg","imgs-index",100,12535.99,20,0,"https://cdn.yellosolarhub.com/products/paineis/sku_287989_287989-17459120523305528.jpeg|[object Object]"
"NEOSOLARCHARGERS23762","https://cdn.yellosolarhub.com/products/carregadores/neosolar_chargers_23762.jpg","https://cdn.yellosolarhub.com/products/carregadores/neosolar_chargers_23762.jpg|neosolar_chargers_23762.jpg","imgs-index",100,12516.49,20,0,"https://cdn.yellosolarhub.com/products/carregadores/neosolar_chargers_23762.jpg|[object Object]"
"NEOSOLARINVERTERS27162","https://cdn.yellosolarhub.com/products/inversores/NEOSOLAR_INVERTERS_27162.jpg","https://cdn.yellosolarhub.com/products/inversores/NEOSOLAR_INVERTERS_27162.jpg|NEOSOLAR_INVERTERS_27162.jpg","imgs-index",100,12509.99,20,0,"https://cdn.yellosolarhub.com/products/inversores/NEOSOLAR_INVERTERS_27162.jpg|[object Object]"
"IEF00131","https://cdn.yellosolarhub.com/products/UNKNOWN-MANUFACTURER/IEF00131.png","https://cdn.yellosolarhub.com/products/UNKNOWN-MANUFACTURER/IEF00131.png|IEF00131.png","imgs-index",100,12501.49,20,0,"https://cdn.yellosolarhub.com/products/UNKNOWN-MANUFACTURER/IEF00131.png|[object Object]"
"NEOSOLARSTATIONS25205","https://cdn.yellosolarhub.com/products/estacoes/NEOSOLAR_STATIONS_25205.jpg","https://cdn.yellosolarhub.com/products/estacoes/NEOSOLAR_STATIONS_25205.jpg|NEOSOLAR_STATIONS_25205.jpg","imgs-index",100,12500.95,20,0,"https://cdn.yellosolarhub.com/products/estacoes/NEOSOLAR_STATIONS_25205.jpg|[object Object]"
"NEOSOLARKITS26722","https://cdn.yellosolarhub.com/products/kits/neosolar_kits_26722.jpg","https://cdn.yellosolarhub.com/products/kits/neosolar_kits_26722.jpg|neosolar_kits_26722.jpg","imgs-index",100,12493.95,20,0,"https://cdn.yellosolarhub.com/products/kits/neosolar_kits_26722.jpg|[object Object]"
"ODEXODEXINVSAJ3000W","https://cdn.yellosolarhub.com/products/inversores/ODEX-ODEX-INV-SAJ-3000W.jpg","https://cdn.yellosolarhub.com/products/inversores/ODEX-ODEX-INV-SAJ-3000W.jpg|ODEX-ODEX-INV-SAJ-3000W.jpg","imgs-index",100,12493,20,0,"https://cdn.yellosolarhub.com/products/inversores/ODEX-ODEX-INV-SAJ-3000W.jpg|[object Object]"
"NEOSOLARKITS26701","https://cdn.yellosolarhub.com/products/kits/neosolar_kits_26701.jpg","https://cdn.yellosolarhub.com/products/kits/neosolar_kits_26701.jpg|neosolar_kits_26701.jpg","imgs-index",100,12463,20,0,"https://cdn.yellosolarhub.com/products/kits/neosolar_kits_26701.jpg|[object Object]"
"276954","https://cdn.yellosolarhub.com/products/inversores/276954.jpg","https://cdn.yellosolarhub.com/products/inversores/276954.jpg|276954.jpg","imgs-index",100,12461.95,20,0,"https://cdn.yellosolarhub.com/products/inversores/276954.jpg|[object Object]"
"FOTUSKP04342KWPFIBROCIMENTOKITS","https://cdn.yellosolarhub.com/products/kits/FOTUS-KP04-342kWp-Fibrocimento-kits.jpg","https://cdn.yellosolarhub.com/products/kits/FOTUS-KP04-342kWp-Fibrocimento-kits.jpg|FOTUS-KP04-342kWp-Fibrocimento-kits.jpg","imgs-index",100,12454.99,20,0,"https://cdn.yellosolarhub.com/products/kits/FOTUS-KP04-342kWp-Fibrocimento-kits.jpg|[object Object]"
"IEF00023","https://cdn.yellosolarhub.com/products/UNKNOWN-MANUFACTURER/IEF00023.png","https://cdn.yellosolarhub.com/products/UNKNOWN-MANUFACTURER/IEF00023.png|IEF00023.png","imgs-index",100,12440,20,0,"https://cdn.yellosolarhub.com/products/UNKNOWN-MANUFACTURER/IEF00023.png|[object Object]"
"FOTUSKP02840KWPCERAMICOKITS","https://cdn.yellosolarhub.com/products/kits/FOTUS-KP02-840kWp-Ceramico-kits.jpg","https://cdn.yellosolarhub.com/products/kits/FOTUS-KP02-840kWp-Ceramico-kits.jpg|FOTUS-KP02-840kWp-Ceramico-kits.jpg","imgs-index",100,12433.95,20,0,"https://cdn.yellosolarhub.com/products/kits/FOTUS-KP02-840kWp-Ceramico-kits.jpg|[object Object]"
"NEOSOLARCABLES20128","https://cdn.yellosolarhub.com/products/cabos/NEOSOLAR_CABLES_20128.jpg","https://cdn.yellosolarhub.com/products/cabos/NEOSOLAR_CABLES_20128.jpg|NEOSOLAR_CABLES_20128.jpg","imgs-index",100,12431.95,20,0,"https://cdn.yellosolarhub.com/products/cabos/NEOSOLAR_CABLES_20128.jpg|[object Object]"
"FOTUSKP041368KWPCERAMICOKITS","https://cdn.yellosolarhub.com/products/kits/FOTUS-KP04-1368kWp-Ceramico-kits.jpg","https://cdn.yellosolarhub.com/products/kits/FOTUS-KP04-1368kWp-Ceramico-kits.jpg|FOTUS-KP04-1368kWp-Ceramico-kits.jpg","imgs-index",100,12415.99,20,0,"https://cdn.yellosolarhub.com/products/kits/FOTUS-KP04-1368kWp-Ceramico-kits.jpg|[object Object]"
"NEOSOLARSTATIONS20121","https://cdn.yellosolarhub.com/products/estacoes/NEOSOLAR_STATIONS_20121.jpg","https://cdn.yellosolarhub.com/products/estacoes/NEOSOLAR_STATIONS_20121.jpg|NEOSOLAR_STATIONS_20121.jpg","imgs-index",100,12406.99,20,0,"https://cdn.yellosolarhub.com/products/estacoes/NEOSOLAR_STATIONS_20121.jpg|[object Object]"
"NEOSOLARSTATIONS21769","https://cdn.yellosolarhub.com/products/estacoes/NEOSOLAR_STATIONS_21769.jpg","https://cdn.yellosolarhub.com/products/estacoes/NEOSOLAR_STATIONS_21769.jpg|NEOSOLAR_STATIONS_21769.jpg","imgs-index",100,12405.95,20,0,"https://cdn.yellosolarhub.com/products/estacoes/NEOSOLAR_STATIONS_21769.jpg|[object Object]"
"NEOSOLARCHARGERS25024","https://cdn.yellosolarhub.com/products/carregadores/NEOSOLAR_CHARGERS_25024.jpg","https://cdn.yellosolarhub.com/products/carregadores/NEOSOLAR_CHARGERS_25024.jpg|NEOSOLAR_CHARGERS_25024.jpg","imgs-index",100,12381.99,20,0,"https://cdn.yellosolarhub.com/products/carregadores/NEOSOLAR_CHARGERS_25024.jpg|[object Object]"
"SKU192098192098617459006542584963","https://cdn.yellosolarhub.com/products/estruturas/sku_192098_192098_6-17459006542584963.jpeg","https://cdn.yellosolarhub.com/products/estruturas/sku_192098_192098_6-17459006542584963.jpeg|sku_192098_192098_6-17459006542584963.jpeg","imgs-index",100,12381.95,20,0,"https://cdn.yellosolarhub.com/products/estruturas/sku_192098_192098_6-17459006542584963.jpeg|[object Object]"
"IEF00044","https://cdn.yellosolarhub.com/products/UNKNOWN-MANUFACTURER/IEF00044.png","https://cdn.yellosolarhub.com/products/UNKNOWN-MANUFACTURER/IEF00044.png|IEF00044.png","imgs-index",100,12369,20,0,"https://cdn.yellosolarhub.com/products/UNKNOWN-MANUFACTURER/IEF00044.png|[object Object]"
"NEOSOLARINVERTERS26930","https://cdn.yellosolarhub.com/products/inversores/NEOSOLAR_INVERTERS_26930.jpg","https://cdn.yellosolarhub.com/products/inversores/NEOSOLAR_INVERTERS_26930.jpg|NEOSOLAR_INVERTERS_26930.jpg","imgs-index",100,12363.49,20,0,"https://cdn.yellosolarhub.com/products/inversores/NEOSOLAR_INVERTERS_26930.jpg|[object Object]"
"NEOSOLARKITS24172","https://cdn.yellosolarhub.com/products/kits/NEOSOLAR_KITS_24172.jpg","https://cdn.yellosolarhub.com/products/kits/NEOSOLAR_KITS_24172.jpg|NEOSOLAR_KITS_24172.jpg","imgs-index",100,12337.99,20,0,"https://cdn.yellosolarhub.com/products/kits/NEOSOLAR_KITS_24172.jpg|[object Object]"
"IIN00310","https://cdn.yellosolarhub.com/products/FORTLEV/IIN00310.png","https://cdn.yellosolarhub.com/products/FORTLEV/IIN00310.png|IIN00310.png","imgs-index",100,12323.99,20,0,"https://cdn.yellosolarhub.com/products/FORTLEV/IIN00310.png|[object Object]"
"NEOSOLARCHARGERS20858","https://cdn.yellosolarhub.com/products/carregadores/neosolar_chargers_20858.jpg","https://cdn.yellosolarhub.com/products/carregadores/neosolar_chargers_20858.jpg|neosolar_chargers_20858.jpg","imgs-index",100,12307.99,20,0,"https://cdn.yellosolarhub.com/products/carregadores/neosolar_chargers_20858.jpg|[object Object]"
"NEOSOLARINVERTERS25055","https://cdn.yellosolarhub.com/products/inversores/NEOSOLAR_INVERTERS_25055.jpg","https://cdn.yellosolarhub.com/products/inversores/NEOSOLAR_INVERTERS_25055.jpg|NEOSOLAR_INVERTERS_25055.jpg","imgs-index",100,12285.95,20,0,"https://cdn.yellosolarhub.com/products/inversores/NEOSOLAR_INVERTERS_25055.jpg|[object Object]"
"NEOSOLARKITS27476","https://cdn.yellosolarhub.com/products/kits/neosolar_kits_27476.jpg","https://cdn.yellosolarhub.com/products/kits/neosolar_kits_27476.jpg|neosolar_kits_27476.jpg","imgs-index",100,12278.95,20,0,"https://cdn.yellosolarhub.com/products/kits/neosolar_kits_27476.jpg|[object Object]"
"NEOSOLARINVERTERS27152","https://cdn.yellosolarhub.com/products/inversores/NEOSOLAR_INVERTERS_27152.jpg","https://cdn.yellosolarhub.com/products/inversores/NEOSOLAR_INVERTERS_27152.jpg|NEOSOLAR_INVERTERS_27152.jpg","imgs-index",100,12263.49,20,0,"https://cdn.yellosolarhub.com/products/inversores/NEOSOLAR_INVERTERS_27152.jpg|[object Object]"
"IMAGEM","https://cdn.yellosolarhub.com/products/GENERIC-COMPONENTS/imagem.png","https://cdn.yellosolarhub.com/products/GENERIC-COMPONENTS/imagem.png|imagem.png","imgs-index",100,12242.99,20,0,"https://cdn.yellosolarhub.com/products/GENERIC-COMPONENTS/imagem.png|[object Object]"
"ODEXODEXINVGROWATT25000W","https://cdn.yellosolarhub.com/products/inversores/ODEX-ODEX-INV-GROWATT-25000W.jpg","https://cdn.yellosolarhub.com/products/inversores/ODEX-ODEX-INV-GROWATT-25000W.jpg|ODEX-ODEX-INV-GROWATT-25000W.jpg","imgs-index",100,12240.95,20,0,"https://cdn.yellosolarhub.com/products/inversores/ODEX-ODEX-INV-GROWATT-25000W.jpg|[object Object]"
"NEOSOLARCHARGERS24609","https://cdn.yellosolarhub.com/products/carregadores/neosolar_chargers_24609.jpg","https://cdn.yellosolarhub.com/products/carregadores/neosolar_chargers_24609.jpg|neosolar_chargers_24609.jpg","imgs-index",100,12224.95,20,0,"https://cdn.yellosolarhub.com/products/carregadores/neosolar_chargers_24609.jpg|[object Object]"
"NEOSOLARINVERTERS27093","https://cdn.yellosolarhub.com/products/inversores/NEOSOLAR_INVERTERS_27093.jpg","https://cdn.yellosolarhub.com/products/inversores/NEOSOLAR_INVERTERS_27093.jpg|NEOSOLAR_INVERTERS_27093.jpg","imgs-index",100,12204.49,20,0,"https://cdn.yellosolarhub.com/products/inversores/NEOSOLAR_INVERTERS_27093.jpg|[object Object]"
"NEOSOLARINVERTERS22690","https://cdn.yellosolarhub.com/products/inversores/NEOSOLAR_INVERTERS_22690.jpg","https://cdn.yellosolarhub.com/products/inversores/NEOSOLAR_INVERTERS_22690.jpg|NEOSOLAR_INVERTERS_22690.jpg","imgs-index",100,12203.49,20,0,"https://cdn.yellosolarhub.com/products/inversores/NEOSOLAR_INVERTERS_22690.jpg|[object Object]"
"NEOSOLARCHARGERS23759","https://cdn.yellosolarhub.com/products/carregadores/NEOSOLAR_CHARGERS_23759.jpg","https://cdn.yellosolarhub.com/products/carregadores/NEOSOLAR_CHARGERS_23759.jpg|NEOSOLAR_CHARGERS_23759.jpg","imgs-index",100,12201,20,0,"https://cdn.yellosolarhub.com/products/carregadores/NEOSOLAR_CHARGERS_23759.jpg|[object Object]"
"IEF00090","https://cdn.yellosolarhub.com/products/UNKNOWN-MANUFACTURER/IEF00090.png","https://cdn.yellosolarhub.com/products/UNKNOWN-MANUFACTURER/IEF00090.png|IEF00090.png","imgs-index",100,12167,20,0,"https://cdn.yellosolarhub.com/products/UNKNOWN-MANUFACTURER/IEF00090.png|[object Object]"
"NEOSOLARINVERTERS24870","https://cdn.yellosolarhub.com/products/inversores/neosolar_inverters_24870.jpg","https://cdn.yellosolarhub.com/products/inversores/neosolar_inverters_24870.jpg|neosolar_inverters_24870.jpg","imgs-index",100,12165,20,0,"https://cdn.yellosolarhub.com/products/inversores/neosolar_inverters_24870.jpg|[object Object]"
"NEOSOLARCHARGERS27329","https://cdn.yellosolarhub.com/products/carregadores/NEOSOLAR_CHARGERS_27329.jpg","https://cdn.yellosolarhub.com/products/carregadores/NEOSOLAR_CHARGERS_27329.jpg|NEOSOLAR_CHARGERS_27329.jpg","imgs-index",100,12157.99,20,0,"https://cdn.yellosolarhub.com/products/carregadores/NEOSOLAR_CHARGERS_27329.jpg|[object Object]"
"NEOSOLARINVERTERS26848","https://cdn.yellosolarhub.com/products/inversores/NEOSOLAR_INVERTERS_26848.jpg","https://cdn.yellosolarhub.com/products/inversores/NEOSOLAR_INVERTERS_26848.jpg|NEOSOLAR_INVERTERS_26848.jpg","imgs-index",100,12116.49,20,0,"https://cdn.yellosolarhub.com/products/inversores/NEOSOLAR_INVERTERS_26848.jpg|[object Object]"
"FOTUSKP02600KWPFIBROCIMENTOKITS","https://cdn.yellosolarhub.com/products/kits/FOTUS-KP02-600kWp-Fibrocimento-kits.jpg","https://cdn.yellosolarhub.com/products/kits/FOTUS-KP02-600kWp-Fibrocimento-kits.jpg|FOTUS-KP02-600kWp-Fibrocimento-kits.jpg","imgs-index",100,12115.99,20,0,"https://cdn.yellosolarhub.com/products/kits/FOTUS-KP02-600kWp-Fibrocimento-kits.jpg|[object Object]"
"FOTUSKP04480KWPFIBROCIMENTOKITS","https://cdn.yellosolarhub.com/products/kits/FOTUS-KP04-480kWp-Fibrocimento-kits.jpg","https://cdn.yellosolarhub.com/products/kits/FOTUS-KP04-480kWp-Fibrocimento-kits.jpg|FOTUS-KP04-480kWp-Fibrocimento-kits.jpg","imgs-index",100,12102.99,20,0,"https://cdn.yellosolarhub.com/products/kits/FOTUS-KP04-480kWp-Fibrocimento-kits.jpg|[object Object]"
"FOTUSKP03284KWPFIBROCIMENTOKITS","https://cdn.yellosolarhub.com/products/kits/FOTUS-KP03-284kWp-Fibrocimento-kits.jpg","https://cdn.yellosolarhub.com/products/kits/FOTUS-KP03-284kWp-Fibrocimento-kits.jpg|FOTUS-KP03-284kWp-Fibrocimento-kits.jpg","imgs-index",100,12094,20,0,"https://cdn.yellosolarhub.com/products/kits/FOTUS-KP03-284kWp-Fibrocimento-kits.jpg|[object Object]"
"IMAGEPRODUCT052128","https://cdn.yellosolarhub.com/products/cabos/IMAGE_PRODUCT_052128.png","https://cdn.yellosolarhub.com/products/cabos/IMAGE_PRODUCT_052128.png|IMAGE_PRODUCT_052128.png","imgs-index",100,12090.99,20,0,"https://cdn.yellosolarhub.com/products/cabos/IMAGE_PRODUCT_052128.png|[object Object]"
"NEOSOLARSTATIONS20925","https://cdn.yellosolarhub.com/products/estacoes/NEOSOLAR_STATIONS_20925.jpg","https://cdn.yellosolarhub.com/products/estacoes/NEOSOLAR_STATIONS_20925.jpg|NEOSOLAR_STATIONS_20925.jpg","imgs-index",100,12084.99,20,0,"https://cdn.yellosolarhub.com/products/estacoes/NEOSOLAR_STATIONS_20925.jpg|[object Object]"
"IIN0028220NEP20RAPID20SHUTDOWN2020A20MC4V2","https://cdn.yellosolarhub.com/products/FORTLEV/IIN00282%20NEP%20RAPID%20SHUTDOWN%2020A%20(MC4)_v2.png","https://cdn.yellosolarhub.com/products/FORTLEV/IIN00282%20NEP%20RAPID%20SHUTDOWN%2020A%20(MC4)_v2.png|IIN00282%20NEP%20RAPID%20SHUTDOWN%2020A%20(MC4)_v2.png","imgs-index",100,12080.99,20,0,"https://cdn.yellosolarhub.com/products/FORTLEV/IIN00282%20NEP%20RAPID%20SHUTDOWN%2020A%20(MC4)_v2.png|[object Object]"
"ODEXODEXESTRUTURASOLARGROUPFIBROCIMENTO1","https://cdn.yellosolarhub.com/products/inversores/ODEX-ODEX-ESTRUTURA-SOLARGROUP-FIBROCIMENTO-1.jpg","https://cdn.yellosolarhub.com/products/inversores/ODEX-ODEX-ESTRUTURA-SOLARGROUP-FIBROCIMENTO-1.jpg|ODEX-ODEX-ESTRUTURA-SOLARGROUP-FIBROCIMENTO-1.jpg","imgs-index",100,12077.95,20,0,"https://cdn.yellosolarhub.com/products/inversores/ODEX-ODEX-ESTRUTURA-SOLARGROUP-FIBROCIMENTO-1.jpg|[object Object]"
"SKU327540327540117514830300259600","https://cdn.yellosolarhub.com/products/stringboxes/sku_327540_327540_1-17514830300259600.jpeg","https://cdn.yellosolarhub.com/products/stringboxes/sku_327540_327540_1-17514830300259600.jpeg|sku_327540_327540_1-17514830300259600.jpeg","imgs-index",100,12076.99,20,0,"https://cdn.yellosolarhub.com/products/stringboxes/sku_327540_327540_1-17514830300259600.jpeg|[object Object]"
"SKU29243829243817459034566372442","https://cdn.yellosolarhub.com/products/inversores/sku_292438_292438-17459034566372442.jpeg","https://cdn.yellosolarhub.com/products/inversores/sku_292438_292438-17459034566372442.jpeg|sku_292438_292438-17459034566372442.jpeg","imgs-index",100,12074.99,20,0,"https://cdn.yellosolarhub.com/products/inversores/sku_292438_292438-17459034566372442.jpeg|[object Object]"
"SKU24676824676817459237636241276","https://cdn.yellosolarhub.com/products/inversores/sku_246768_246768-17459237636241276.jpeg","https://cdn.yellosolarhub.com/products/inversores/sku_246768_246768-17459237636241276.jpeg|sku_246768_246768-17459237636241276.jpeg","imgs-index",100,12067,20,0,"https://cdn.yellosolarhub.com/products/inversores/sku_246768_246768-17459237636241276.jpeg|[object Object]"
"IIN00289","https://cdn.yellosolarhub.com/products/FORTLEV/IIN00289.png","https://cdn.yellosolarhub.com/products/FORTLEV/IIN00289.png|IIN00289.png","imgs-index",100,12041.99,20,0,"https://cdn.yellosolarhub.com/products/FORTLEV/IIN00289.png|[object Object]"
"SKU342425342425217591697083547384","https://cdn.yellosolarhub.com/products/estruturas/sku_342425_342425_2-17591697083547384.jpeg","https://cdn.yellosolarhub.com/products/estruturas/sku_342425_342425_2-17591697083547384.jpeg|sku_342425_342425_2-17591697083547384.jpeg","imgs-index",100,12026.99,20,0,"https://cdn.yellosolarhub.com/products/estruturas/sku_342425_342425_2-17591697083547384.jpeg|[object Object]"
"GOODWEGW10KMSG40AFCICRSDIMAGEPRODUCT600398","https://cdn.yellosolarhub.com/products/inversores/GOODWE-GW10K-MS-G40 - AFCI C- RSD_IMAGE_PRODUCT_600398.png","https://cdn.yellosolarhub.com/products/inversores/GOODWE-GW10K-MS-G40 - AFCI C- RSD_IMAGE_PRODUCT_600398.png|GOODWE-GW10K-MS-G40 - AFCI C- RSD_IMAGE_PRODUCT_600398.png","imgs-index",100,12020,20,0,"https://cdn.yellosolarhub.com/products/inversores/GOODWE-GW10K-MS-G40 - AFCI C- RSD_IMAGE_PRODUCT_600398.png|[object Object]"
"NEOSOLARINVERTERS22021","https://cdn.yellosolarhub.com/products/inversores/neosolar_inverters_22021.jpg","https://cdn.yellosolarhub.com/products/inversores/neosolar_inverters_22021.jpg|neosolar_inverters_22021.jpg","imgs-index",100,12004.95,20,0,"https://cdn.yellosolarhub.com/products/inversores/neosolar_inverters_22021.jpg|[object Object]"
"FOTUSKP04360KWPMINITRILHOKITSHIBRIDOS","https://cdn.yellosolarhub.com/products/kits/FOTUS-KP04-360kWp-MiniTrilho-kits-hibridos.jpg","https://cdn.yellosolarhub.com/products/kits/FOTUS-KP04-360kWp-MiniTrilho-kits-hibridos.jpg|FOTUS-KP04-360kWp-MiniTrilho-kits-hibridos.jpg","imgs-index",100,11982.99,20,0,"https://cdn.yellosolarhub.com/products/kits/FOTUS-KP04-360kWp-MiniTrilho-kits-hibridos.jpg|[object Object]"
"IIN00241","https://cdn.yellosolarhub.com/products/FORTLEV/IIN00241.png","https://cdn.yellosolarhub.com/products/FORTLEV/IIN00241.png|IIN00241.png","imgs-index",100,11977,20,0,"https://cdn.yellosolarhub.com/products/FORTLEV/IIN00241.png|[object Object]"
"NEOSOLARINVERTERS24872","https://cdn.yellosolarhub.com/products/inversores/neosolar_inverters_24872.jpg","https://cdn.yellosolarhub.com/products/inversores/neosolar_inverters_24872.jpg|neosolar_inverters_24872.jpg","imgs-index",100,11944.99,20,0,"https://cdn.yellosolarhub.com/products/inversores/neosolar_inverters_24872.jpg|[object Object]"
"NEOSOLARKITS26700","https://cdn.yellosolarhub.com/products/kits/neosolar_kits_26700.jpg","https://cdn.yellosolarhub.com/products/kits/neosolar_kits_26700.jpg|neosolar_kits_26700.jpg","imgs-index",100,11928.49,20,0,"https://cdn.yellosolarhub.com/products/kits/neosolar_kits_26700.jpg|[object Object]"
"NEOSOLARKITS27475","https://cdn.yellosolarhub.com/products/kits/neosolar_kits_27475.jpg","https://cdn.yellosolarhub.com/products/kits/neosolar_kits_27475.jpg|neosolar_kits_27475.jpg","imgs-index",100,11916.99,20,0,"https://cdn.yellosolarhub.com/products/kits/neosolar_kits_27475.jpg|[object Object]"
"ODEXODEXESTRUTURASOLARGROUPMETALICO","https://cdn.yellosolarhub.com/products/inversores/ODEX-ODEX-ESTRUTURA-SOLARGROUP-METALICO.jpg","https://cdn.yellosolarhub.com/products/inversores/ODEX-ODEX-ESTRUTURA-SOLARGROUP-METALICO.jpg|ODEX-ODEX-ESTRUTURA-SOLARGROUP-METALICO.jpg","imgs-index",100,11903,20,0,"https://cdn.yellosolarhub.com/products/inversores/ODEX-ODEX-ESTRUTURA-SOLARGROUP-METALICO.jpg|[object Object]"
"NEOSOLARKITS23929","https://cdn.yellosolarhub.com/products/kits/neosolar_kits_23929.jpg","https://cdn.yellosolarhub.com/products/kits/neosolar_kits_23929.jpg|neosolar_kits_23929.jpg","imgs-index",100,11896,20,0,"https://cdn.yellosolarhub.com/products/kits/neosolar_kits_23929.jpg|[object Object]"
"SKU31514831514817551159943964186","https://cdn.yellosolarhub.com/products/inversores/sku_315148_315148-17551159943964186.jpeg","https://cdn.yellosolarhub.com/products/inversores/sku_315148_315148-17551159943964186.jpeg|sku_315148_315148-17551159943964186.jpeg","imgs-index",100,11889,20,0,"https://cdn.yellosolarhub.com/products/inversores/sku_315148_315148-17551159943964186.jpeg|[object Object]"
"ODEXODEXINVGROWATT8000W","https://cdn.yellosolarhub.com/products/inversores/ODEX-ODEX-INV-GROWATT-8000W.jpg","https://cdn.yellosolarhub.com/products/inversores/ODEX-ODEX-INV-GROWATT-8000W.jpg|ODEX-ODEX-INV-GROWATT-8000W.jpg","imgs-index",100,11871.99,20,0,"https://cdn.yellosolarhub.com/products/inversores/ODEX-ODEX-INV-GROWATT-8000W.jpg|[object Object]"
"NEOSOLARCHARGERS25220","https://cdn.yellosolarhub.com/products/carregadores/NEOSOLAR_CHARGERS_25220.jpg","https://cdn.yellosolarhub.com/products/carregadores/NEOSOLAR_CHARGERS_25220.jpg|NEOSOLAR_CHARGERS_25220.jpg","imgs-index",100,11864.99,20,0,"https://cdn.yellosolarhub.com/products/carregadores/NEOSOLAR_CHARGERS_25220.jpg|[object Object]"
"IMAGEPRODUCT600453","https://cdn.yellosolarhub.com/products/inversores/IMAGE_PRODUCT_600453.png","https://cdn.yellosolarhub.com/products/inversores/IMAGE_PRODUCT_600453.png|IMAGE_PRODUCT_600453.png","imgs-index",100,11851.95,20,0,"https://cdn.yellosolarhub.com/products/inversores/IMAGE_PRODUCT_600453.png|[object Object]"
"NEOSOLARPOSTS23587","https://cdn.yellosolarhub.com/products/postes/NEOSOLAR_POSTS_23587.jpg","https://cdn.yellosolarhub.com/products/postes/NEOSOLAR_POSTS_23587.jpg|NEOSOLAR_POSTS_23587.jpg","imgs-index",100,11846,20,0,"https://cdn.yellosolarhub.com/products/postes/NEOSOLAR_POSTS_23587.jpg|[object Object]"
"IIN00261","https://cdn.yellosolarhub.com/products/FORTLEV/IIN00261.png","https://cdn.yellosolarhub.com/products/FORTLEV/IIN00261.png|IIN00261.png","imgs-index",100,11817,20,0,"https://cdn.yellosolarhub.com/products/FORTLEV/IIN00261.png|[object Object]"
"FOTUSKP02994KWPFIBROCIMENTOKITS","https://cdn.yellosolarhub.com/products/kits/FOTUS-KP02-994kWp-Fibrocimento-kits.jpg","https://cdn.yellosolarhub.com/products/kits/FOTUS-KP02-994kWp-Fibrocimento-kits.jpg|FOTUS-KP02-994kWp-Fibrocimento-kits.jpg","imgs-index",100,11811.95,20,0,"https://cdn.yellosolarhub.com/products/kits/FOTUS-KP02-994kWp-Fibrocimento-kits.jpg|[object Object]"
"FOTUSKP04969KWPCERAMICOKITS","https://cdn.yellosolarhub.com/products/kits/FOTUS-KP04-969kWp-Ceramico-kits.jpg","https://cdn.yellosolarhub.com/products/kits/FOTUS-KP04-969kWp-Ceramico-kits.jpg|FOTUS-KP04-969kWp-Ceramico-kits.jpg","imgs-index",100,11800,20,0,"https://cdn.yellosolarhub.com/products/kits/FOTUS-KP04-969kWp-Ceramico-kits.jpg|[object Object]"
"NEOSOLARKITS27306","https://cdn.yellosolarhub.com/products/kits/neosolar_kits_27306.jpg","https://cdn.yellosolarhub.com/products/kits/neosolar_kits_27306.jpg|neosolar_kits_27306.jpg","imgs-index",100,11771.99,20,0,"https://cdn.yellosolarhub.com/products/kits/neosolar_kits_27306.jpg|[object Object]"
"FOTUSKP02480KWPFIBROCIMENTOKITS","https://cdn.yellosolarhub.com/products/kits/FOTUS-KP02-480kWp-Fibrocimento-kits.jpg","https://cdn.yellosolarhub.com/products/kits/FOTUS-KP02-480kWp-Fibrocimento-kits.jpg|FOTUS-KP02-480kWp-Fibrocimento-kits.jpg","imgs-index",100,11764,20,0,"https://cdn.yellosolarhub.com/products/kits/FOTUS-KP02-480kWp-Fibrocimento-kits.jpg|[object Object]"
"NEOSOLARINVERTERS26948","https://cdn.yellosolarhub.com/products/inversores/NEOSOLAR_INVERTERS_26948.jpg","https://cdn.yellosolarhub.com/products/inversores/NEOSOLAR_INVERTERS_26948.jpg|NEOSOLAR_INVERTERS_26948.jpg","imgs-index",100,11762.99,20,0,"https://cdn.yellosolarhub.com/products/inversores/NEOSOLAR_INVERTERS_26948.jpg|[object Object]"
"NEOSOLARCONTROLLERS24245","https://cdn.yellosolarhub.com/products/controladores/NEOSOLAR_CONTROLLERS_24245.jpg","https://cdn.yellosolarhub.com/products/controladores/NEOSOLAR_CONTROLLERS_24245.jpg|NEOSOLAR_CONTROLLERS_24245.jpg","imgs-index",100,11752.99,20,0,"https://cdn.yellosolarhub.com/products/controladores/NEOSOLAR_CONTROLLERS_24245.jpg|[object Object]"
"NEOSOLARCONTROLLERS21565","https://cdn.yellosolarhub.com/products/controladores/NEOSOLAR_CONTROLLERS_21565.jpg","https://cdn.yellosolarhub.com/products/controladores/NEOSOLAR_CONTROLLERS_21565.jpg|NEOSOLAR_CONTROLLERS_21565.jpg","imgs-index",100,11747.95,20,0,"https://cdn.yellosolarhub.com/products/controladores/NEOSOLAR_CONTROLLERS_21565.jpg|[object Object]"
"NEOSOLARCHARGERS20043","https://cdn.yellosolarhub.com/products/carregadores/NEOSOLAR_CHARGERS_20043.jpg","https://cdn.yellosolarhub.com/products/carregadores/NEOSOLAR_CHARGERS_20043.jpg|NEOSOLAR_CHARGERS_20043.jpg","imgs-index",100,11744.99,20,0,"https://cdn.yellosolarhub.com/products/carregadores/NEOSOLAR_CHARGERS_20043.jpg|[object Object]"
"NEOSOLARKITS27268","https://cdn.yellosolarhub.com/products/kits/neosolar_kits_27268.jpg","https://cdn.yellosolarhub.com/products/kits/neosolar_kits_27268.jpg|neosolar_kits_27268.jpg","imgs-index",100,11720,20,0,"https://cdn.yellosolarhub.com/products/kits/neosolar_kits_27268.jpg|[object Object]"
"NEOSOLARINVERTERS20259","https://cdn.yellosolarhub.com/products/inversores/neosolar_inverters_20259.jpg","https://cdn.yellosolarhub.com/products/inversores/neosolar_inverters_20259.jpg|neosolar_inverters_20259.jpg","imgs-index",100,11719,20,0,"https://cdn.yellosolarhub.com/products/inversores/neosolar_inverters_20259.jpg|[object Object]"
"NEOSOLARCABLES23503","https://cdn.yellosolarhub.com/products/cabos/neosolar_cables_23503.jpg","https://cdn.yellosolarhub.com/products/cabos/neosolar_cables_23503.jpg|neosolar_cables_23503.jpg","imgs-index",100,11713.99,20,0,"https://cdn.yellosolarhub.com/products/cabos/neosolar_cables_23503.jpg|[object Object]"
"IIN00364","https://cdn.yellosolarhub.com/products/FORTLEV/IIN00364.png","https://cdn.yellosolarhub.com/products/FORTLEV/IIN00364.png|IIN00364.png","imgs-index",100,11697.99,20,0,"https://cdn.yellosolarhub.com/products/FORTLEV/IIN00364.png|[object Object]"
"FOTUSKP04120KWPCERAMICOKITS","https://cdn.yellosolarhub.com/products/kits/FOTUS-KP04-120kWp-Ceramico-kits.jpg","https://cdn.yellosolarhub.com/products/kits/FOTUS-KP04-120kWp-Ceramico-kits.jpg|FOTUS-KP04-120kWp-Ceramico-kits.jpg","imgs-index",100,11695,20,0,"https://cdn.yellosolarhub.com/products/kits/FOTUS-KP04-120kWp-Ceramico-kits.jpg|[object Object]"
"FOTUSKP04840KWPFIBROCIMENTOKITSHIBRIDOS","https://cdn.yellosolarhub.com/products/kits/FOTUS-KP04-840kWp-Fibrocimento-kits-hibridos.jpg","https://cdn.yellosolarhub.com/products/kits/FOTUS-KP04-840kWp-Fibrocimento-kits-hibridos.jpg|FOTUS-KP04-840kWp-Fibrocimento-kits-hibridos.jpg","imgs-index",100,11694,20,0,"https://cdn.yellosolarhub.com/products/kits/FOTUS-KP04-840kWp-Fibrocimento-kits-hibridos.jpg|[object Object]"
"NEOSOLARINVERTERS22684","https://cdn.yellosolarhub.com/products/inversores/NEOSOLAR_INVERTERS_22684.jpg","https://cdn.yellosolarhub.com/products/inversores/NEOSOLAR_INVERTERS_22684.jpg|NEOSOLAR_INVERTERS_22684.jpg","imgs-index",100,11688.99,20,0,"https://cdn.yellosolarhub.com/products/inversores/NEOSOLAR_INVERTERS_22684.jpg|[object Object]"
"IMAGEPRODUCT559380","https://cdn.yellosolarhub.com/products/paineis/IMAGE_PRODUCT_559380.jpeg","https://cdn.yellosolarhub.com/products/paineis/IMAGE_PRODUCT_559380.jpeg|IMAGE_PRODUCT_559380.jpeg","imgs-index",100,11679.99,20,0,"https://cdn.yellosolarhub.com/products/paineis/IMAGE_PRODUCT_559380.jpeg|[object Object]"
"SKU30615530615517479477829824229","https://cdn.yellosolarhub.com/products/inversores/sku_306155_306155-17479477829824229.jpeg","https://cdn.yellosolarhub.com/products/inversores/sku_306155_306155-17479477829824229.jpeg|sku_306155_306155-17479477829824229.jpeg","imgs-index",100,11676.95,20,0,"https://cdn.yellosolarhub.com/products/inversores/sku_306155_306155-17479477829824229.jpeg|[object Object]"
"GOODWEGW15KLVMTIMAGE","https://cdn.yellosolarhub.com/products/inversores/GOODWE-GW 15KLV-MT_image.jpeg","https://cdn.yellosolarhub.com/products/inversores/GOODWE-GW 15KLV-MT_image.jpeg|GOODWE-GW 15KLV-MT_image.jpeg","imgs-index",100,11668,20,0,"https://cdn.yellosolarhub.com/products/inversores/GOODWE-GW 15KLV-MT_image.jpeg|[object Object]"
"NEOSOLARKITS27262","https://cdn.yellosolarhub.com/products/kits/neosolar_kits_27262.jpg","https://cdn.yellosolarhub.com/products/kits/neosolar_kits_27262.jpg|neosolar_kits_27262.jpg","imgs-index",100,11664,20,0,"https://cdn.yellosolarhub.com/products/kits/neosolar_kits_27262.jpg|[object Object]"
"NEOSOLARCABLES20122","https://cdn.yellosolarhub.com/products/cabos/neosolar_cables_20122.jpg","https://cdn.yellosolarhub.com/products/cabos/neosolar_cables_20122.jpg|neosolar_cables_20122.jpg","imgs-index",100,11652.99,20,0,"https://cdn.yellosolarhub.com/products/cabos/neosolar_cables_20122.jpg|[object Object]"
"IIN00377","https://cdn.yellosolarhub.com/products/FORTLEV/IIN00377.png","https://cdn.yellosolarhub.com/products/FORTLEV/IIN00377.png|IIN00377.png","imgs-index",100,11605.95,20,0,"https://cdn.yellosolarhub.com/products/FORTLEV/IIN00377.png|[object Object]"
"NEOSOLARCHARGERS23761","https://cdn.yellosolarhub.com/products/carregadores/NEOSOLAR_CHARGERS_23761.jpg","https://cdn.yellosolarhub.com/products/carregadores/NEOSOLAR_CHARGERS_23761.jpg|NEOSOLAR_CHARGERS_23761.jpg","imgs-index",100,11601.99,20,0,"https://cdn.yellosolarhub.com/products/carregadores/NEOSOLAR_CHARGERS_23761.jpg|[object Object]"
"SKU31383231383217466237808078788","https://cdn.yellosolarhub.com/products/estruturas/sku_313832_313832-17466237808078788.jpeg","https://cdn.yellosolarhub.com/products/estruturas/sku_313832_313832-17466237808078788.jpeg|sku_313832_313832-17466237808078788.jpeg","imgs-index",100,11593.99,20,0,"https://cdn.yellosolarhub.com/products/estruturas/sku_313832_313832-17466237808078788.jpeg|[object Object]"
"GOODWEGW6000SBP20IMAGE","https://cdn.yellosolarhub.com/products/inversores/GOODWE-GW6000-SBP-20_image.webp","https://cdn.yellosolarhub.com/products/inversores/GOODWE-GW6000-SBP-20_image.webp|GOODWE-GW6000-SBP-20_image.webp","imgs-index",100,11586.99,20,0,"https://cdn.yellosolarhub.com/products/inversores/GOODWE-GW6000-SBP-20_image.webp|[object Object]"
"GOODWEGW30KETAFCIIMAGEPRODUCT600150","https://cdn.yellosolarhub.com/products/inversores/GOODWE-GW30K-ET - AFCI_IMAGE_PRODUCT_600150.png","https://cdn.yellosolarhub.com/products/inversores/GOODWE-GW30K-ET - AFCI_IMAGE_PRODUCT_600150.png|GOODWE-GW30K-ET - AFCI_IMAGE_PRODUCT_600150.png","imgs-index",100,11578.99,20,0,"https://cdn.yellosolarhub.com/products/inversores/GOODWE-GW30K-ET - AFCI_IMAGE_PRODUCT_600150.png|[object Object]"
"IBT00002","https://cdn.yellosolarhub.com/products/UNKNOWN-MANUFACTURER/IBT00002.png","https://cdn.yellosolarhub.com/products/UNKNOWN-MANUFACTURER/IBT00002.png|IBT00002.png","imgs-index",100,11572,20,0,"https://cdn.yellosolarhub.com/products/UNKNOWN-MANUFACTURER/IBT00002.png|[object Object]"
"NEOSOLARKITS26986","https://cdn.yellosolarhub.com/products/kits/neosolar_kits_26986.jpg","https://cdn.yellosolarhub.com/products/kits/neosolar_kits_26986.jpg|neosolar_kits_26986.jpg","imgs-index",100,11556.99,20,0,"https://cdn.yellosolarhub.com/products/kits/neosolar_kits_26986.jpg|[object Object]"
"FOTUSKP031136KWPMINITRILHOKITS","https://cdn.yellosolarhub.com/products/kits/FOTUS-KP03-1136kWp-MiniTrilho-kits.jpg","https://cdn.yellosolarhub.com/products/kits/FOTUS-KP03-1136kWp-MiniTrilho-kits.jpg|FOTUS-KP03-1136kWp-MiniTrilho-kits.jpg","imgs-index",100,11548,20,0,"https://cdn.yellosolarhub.com/products/kits/FOTUS-KP03-1136kWp-MiniTrilho-kits.jpg|[object Object]"
"NEOSOLARINVERTERS20253","https://cdn.yellosolarhub.com/products/inversores/neosolar_inverters_20253.jpg","https://cdn.yellosolarhub.com/products/inversores/neosolar_inverters_20253.jpg|neosolar_inverters_20253.jpg","imgs-index",100,11546.99,20,0,"https://cdn.yellosolarhub.com/products/inversores/neosolar_inverters_20253.jpg|[object Object]"
"NEOSOLARINVERTERS24877","https://cdn.yellosolarhub.com/products/inversores/neosolar_inverters_24877.jpg","https://cdn.yellosolarhub.com/products/inversores/neosolar_inverters_24877.jpg|neosolar_inverters_24877.jpg","imgs-index",100,11523,20,0,"https://cdn.yellosolarhub.com/products/inversores/neosolar_inverters_24877.jpg|[object Object]"
"NEOSOLARCHARGERS24718","https://cdn.yellosolarhub.com/products/carregadores/NEOSOLAR_CHARGERS_24718.jpg","https://cdn.yellosolarhub.com/products/carregadores/NEOSOLAR_CHARGERS_24718.jpg|NEOSOLAR_CHARGERS_24718.jpg","imgs-index",100,11501.99,20,0,"https://cdn.yellosolarhub.com/products/carregadores/NEOSOLAR_CHARGERS_24718.jpg|[object Object]"
"SKU10678310678317545443332146339","https://cdn.yellosolarhub.com/products/estruturas/sku_106783_106783-17545443332146339.jpeg","https://cdn.yellosolarhub.com/products/estruturas/sku_106783_106783-17545443332146339.jpeg|sku_106783_106783-17545443332146339.jpeg","imgs-index",100,11483.49,20,0,"https://cdn.yellosolarhub.com/products/estruturas/sku_106783_106783-17545443332146339.jpeg|[object Object]"
"IIN00239","https://cdn.yellosolarhub.com/products/FORTLEV/IIN00239.png","https://cdn.yellosolarhub.com/products/FORTLEV/IIN00239.png|IIN00239.png","imgs-index",100,11480.95,20,0,"https://cdn.yellosolarhub.com/products/FORTLEV/IIN00239.png|[object Object]"
"IIN00195","https://cdn.yellosolarhub.com/products/FORTLEV/IIN00195.png","https://cdn.yellosolarhub.com/products/FORTLEV/IIN00195.png|IIN00195.png","imgs-index",100,11476.99,20,0,"https://cdn.yellosolarhub.com/products/FORTLEV/IIN00195.png|[object Object]"
"IMAGEPRODUCT600305","https://cdn.yellosolarhub.com/products/inversores/IMAGE_PRODUCT_600305.png","https://cdn.yellosolarhub.com/products/inversores/IMAGE_PRODUCT_600305.png|IMAGE_PRODUCT_600305.png","imgs-index",100,11450.49,20,0,"https://cdn.yellosolarhub.com/products/inversores/IMAGE_PRODUCT_600305.png|[object Object]"
"NEOSOLARINVERTERS24972","https://cdn.yellosolarhub.com/products/inversores/neosolar_inverters_24972.jpg","https://cdn.yellosolarhub.com/products/inversores/neosolar_inverters_24972.jpg|neosolar_inverters_24972.jpg","imgs-index",100,11440.99,20,0,"https://cdn.yellosolarhub.com/products/inversores/neosolar_inverters_24972.jpg|[object Object]"
"NEOSOLARINVERTERS27149","https://cdn.yellosolarhub.com/products/inversores/NEOSOLAR_INVERTERS_27149.jpg","https://cdn.yellosolarhub.com/products/inversores/NEOSOLAR_INVERTERS_27149.jpg|NEOSOLAR_INVERTERS_27149.jpg","imgs-index",100,11440,20,0,"https://cdn.yellosolarhub.com/products/inversores/NEOSOLAR_INVERTERS_27149.jpg|[object Object]"
"IMAGEPRODUCT600381","https://cdn.yellosolarhub.com/products/inversores/IMAGE_PRODUCT_600381.png","https://cdn.yellosolarhub.com/products/inversores/IMAGE_PRODUCT_600381.png|IMAGE_PRODUCT_600381.png","imgs-index",100,11435.99,20,0,"https://cdn.yellosolarhub.com/products/inversores/IMAGE_PRODUCT_600381.png|[object Object]"
"ILS00012","https://cdn.yellosolarhub.com/products/UNKNOWN-MANUFACTURER/ILS00012.png","https://cdn.yellosolarhub.com/products/UNKNOWN-MANUFACTURER/ILS00012.png|ILS00012.png","imgs-index",100,11407.95,20,0,"https://cdn.yellosolarhub.com/products/UNKNOWN-MANUFACTURER/ILS00012.png|[object Object]"
"FOTUSKP04399KWPFIBROCIMENTOKITS","https://cdn.yellosolarhub.com/products/kits/FOTUS-KP04-399kWp-Fibrocimento-kits.jpg","https://cdn.yellosolarhub.com/products/kits/FOTUS-KP04-399kWp-Fibrocimento-kits.jpg|FOTUS-KP04-399kWp-Fibrocimento-kits.jpg","imgs-index",100,11387,20,0,"https://cdn.yellosolarhub.com/products/kits/FOTUS-KP04-399kWp-Fibrocimento-kits.jpg|[object Object]"
"FOTUSKP03568KWPFIBROCIMENTOKITS","https://cdn.yellosolarhub.com/products/kits/FOTUS-KP03-568kWp-Fibrocimento-kits.jpg","https://cdn.yellosolarhub.com/products/kits/FOTUS-KP03-568kWp-Fibrocimento-kits.jpg|FOTUS-KP03-568kWp-Fibrocimento-kits.jpg","imgs-index",100,11380,20,0,"https://cdn.yellosolarhub.com/products/kits/FOTUS-KP03-568kWp-Fibrocimento-kits.jpg|[object Object]"
"NEOSOLARCONTROLLERS21564","https://cdn.yellosolarhub.com/products/controladores/NEOSOLAR_CONTROLLERS_21564.jpg","https://cdn.yellosolarhub.com/products/controladores/NEOSOLAR_CONTROLLERS_21564.jpg|NEOSOLAR_CONTROLLERS_21564.jpg","imgs-index",100,11378.95,20,0,"https://cdn.yellosolarhub.com/products/controladores/NEOSOLAR_CONTROLLERS_21564.jpg|[object Object]"
"NEOSOLARCONTROLLERS24349","https://cdn.yellosolarhub.com/products/controladores/NEOSOLAR_CONTROLLERS_24349.jpg","https://cdn.yellosolarhub.com/products/controladores/NEOSOLAR_CONTROLLERS_24349.jpg|NEOSOLAR_CONTROLLERS_24349.jpg","imgs-index",100,11377.95,20,0,"https://cdn.yellosolarhub.com/products/controladores/NEOSOLAR_CONTROLLERS_24349.jpg|[object Object]"
"NEOSOLARKITS27314","https://cdn.yellosolarhub.com/products/kits/neosolar_kits_27314.jpg","https://cdn.yellosolarhub.com/products/kits/neosolar_kits_27314.jpg|neosolar_kits_27314.jpg","imgs-index",100,11369.99,20,0,"https://cdn.yellosolarhub.com/products/kits/neosolar_kits_27314.jpg|[object Object]"
"112369","https://cdn.yellosolarhub.com/products/inversores/112369.jpg","https://cdn.yellosolarhub.com/products/inversores/112369.jpg|112369.jpg","imgs-index",100,11364,20,0,"https://cdn.yellosolarhub.com/products/inversores/112369.jpg|[object Object]"
"NEOSOLARINVERTERS21641","https://cdn.yellosolarhub.com/products/inversores/neosolar_inverters_21641.jpg","https://cdn.yellosolarhub.com/products/inversores/neosolar_inverters_21641.jpg|neosolar_inverters_21641.jpg","imgs-index",100,11359.99,20,0,"https://cdn.yellosolarhub.com/products/inversores/neosolar_inverters_21641.jpg|[object Object]"
"FOTUSKP041254KWPMINITRILHOKITS","https://cdn.yellosolarhub.com/products/kits/FOTUS-KP04-1254kWp-MiniTrilho-kits.jpg","https://cdn.yellosolarhub.com/products/kits/FOTUS-KP04-1254kWp-MiniTrilho-kits.jpg|FOTUS-KP04-1254kWp-MiniTrilho-kits.jpg","imgs-index",100,11359.95,20,0,"https://cdn.yellosolarhub.com/products/kits/FOTUS-KP04-1254kWp-MiniTrilho-kits.jpg|[object Object]"
"GOODWEGW12KLVMTIMAGE","https://cdn.yellosolarhub.com/products/inversores/GOODWE-GW 12KLV-MT_image.jpg","https://cdn.yellosolarhub.com/products/inversores/GOODWE-GW 12KLV-MT_image.jpg|GOODWE-GW 12KLV-MT_image.jpg","imgs-index",100,11356.95,20,0,"https://cdn.yellosolarhub.com/products/inversores/GOODWE-GW 12KLV-MT_image.jpg|[object Object]"
"NEOSOLARCHARGERS25023","https://cdn.yellosolarhub.com/products/carregadores/NEOSOLAR_CHARGERS_25023.jpg","https://cdn.yellosolarhub.com/products/carregadores/NEOSOLAR_CHARGERS_25023.jpg|NEOSOLAR_CHARGERS_25023.jpg","imgs-index",100,11349.99,20,0,"https://cdn.yellosolarhub.com/products/carregadores/NEOSOLAR_CHARGERS_25023.jpg|[object Object]"
"NEOSOLARPOSTS23327","https://cdn.yellosolarhub.com/products/postes/NEOSOLAR_POSTS_23327.jpg","https://cdn.yellosolarhub.com/products/postes/NEOSOLAR_POSTS_23327.jpg|NEOSOLAR_POSTS_23327.jpg","imgs-index",100,11336,20,0,"https://cdn.yellosolarhub.com/products/postes/NEOSOLAR_POSTS_23327.jpg|[object Object]"
"SKU27695427695417460390182534484","https://cdn.yellosolarhub.com/products/inversores/sku_276954_276954-17460390182534484.jpeg","https://cdn.yellosolarhub.com/products/inversores/sku_276954_276954-17460390182534484.jpeg|sku_276954_276954-17460390182534484.jpeg","imgs-index",100,11317.99,20,0,"https://cdn.yellosolarhub.com/products/inversores/sku_276954_276954-17460390182534484.jpeg|[object Object]"
"FOTUSKP02426KWPCERAMICOKITS","https://cdn.yellosolarhub.com/products/kits/FOTUS-KP02-426kWp-Ceramico-kits.jpg","https://cdn.yellosolarhub.com/products/kits/FOTUS-KP02-426kWp-Ceramico-kits.jpg|FOTUS-KP02-426kWp-Ceramico-kits.jpg","imgs-index",100,11316.99,20,0,"https://cdn.yellosolarhub.com/products/kits/FOTUS-KP02-426kWp-Ceramico-kits.jpg|[object Object]"
"FOTUSKP021704KWPMINITRILHOKITS","https://cdn.yellosolarhub.com/products/kits/FOTUS-KP02-1704kWp-MiniTrilho-kits.jpg","https://cdn.yellosolarhub.com/products/kits/FOTUS-KP02-1704kWp-MiniTrilho-kits.jpg|FOTUS-KP02-1704kWp-MiniTrilho-kits.jpg","imgs-index",100,11312.99,20,0,"https://cdn.yellosolarhub.com/products/kits/FOTUS-KP02-1704kWp-MiniTrilho-kits.jpg|[object Object]"
"IIN00256","https://cdn.yellosolarhub.com/products/FORTLEV/IIN00256.png","https://cdn.yellosolarhub.com/products/FORTLEV/IIN00256.png|IIN00256.png","imgs-index",100,11301.99,20,0,"https://cdn.yellosolarhub.com/products/FORTLEV/IIN00256.png|[object Object]"
"FOTUSKP04240KWPCERAMICOKITS","https://cdn.yellosolarhub.com/products/kits/FOTUS-KP04-240kWp-Ceramico-kits.jpg","https://cdn.yellosolarhub.com/products/kits/FOTUS-KP04-240kWp-Ceramico-kits.jpg|FOTUS-KP04-240kWp-Ceramico-kits.jpg","imgs-index",100,11295,20,0,"https://cdn.yellosolarhub.com/products/kits/FOTUS-KP04-240kWp-Ceramico-kits.jpg|[object Object]"
"FOTUSKP021065KWPCERAMICOKITS","https://cdn.yellosolarhub.com/products/kits/FOTUS-KP02-1065kWp-Ceramico-kits.jpg","https://cdn.yellosolarhub.com/products/kits/FOTUS-KP02-1065kWp-Ceramico-kits.jpg|FOTUS-KP02-1065kWp-Ceramico-kits.jpg","imgs-index",100,11293.99,20,0,"https://cdn.yellosolarhub.com/products/kits/FOTUS-KP02-1065kWp-Ceramico-kits.jpg|[object Object]"
"IIN00311","https://cdn.yellosolarhub.com/products/FORTLEV/IIN00311.png","https://cdn.yellosolarhub.com/products/FORTLEV/IIN00311.png|IIN00311.png","imgs-index",100,11288.99,20,0,"https://cdn.yellosolarhub.com/products/FORTLEV/IIN00311.png|[object Object]"
"IIN00182","https://cdn.yellosolarhub.com/products/FORTLEV/IIN00182.png","https://cdn.yellosolarhub.com/products/FORTLEV/IIN00182.png|IIN00182.png","imgs-index",100,11287.49,20,0,"https://cdn.yellosolarhub.com/products/FORTLEV/IIN00182.png|[object Object]"
"ODEXODEXINVSOFAR6000W","https://cdn.yellosolarhub.com/products/inversores/ODEX-ODEX-INV-SOFAR-6000W.jpg","https://cdn.yellosolarhub.com/products/inversores/ODEX-ODEX-INV-SOFAR-6000W.jpg|ODEX-ODEX-INV-SOFAR-6000W.jpg","imgs-index",100,11277,20,0,"https://cdn.yellosolarhub.com/products/inversores/ODEX-ODEX-INV-SOFAR-6000W.jpg|[object Object]"
"FOTUSKP04342KWPMINITRILHOKITS","https://cdn.yellosolarhub.com/products/kits/FOTUS-KP04-342kWp-MiniTrilho-kits.jpg","https://cdn.yellosolarhub.com/products/kits/FOTUS-KP04-342kWp-MiniTrilho-kits.jpg|FOTUS-KP04-342kWp-MiniTrilho-kits.jpg","imgs-index",100,11273.95,20,0,"https://cdn.yellosolarhub.com/products/kits/FOTUS-KP04-342kWp-MiniTrilho-kits.jpg|[object Object]"
"NEOSOLARINVERTERS21634","https://cdn.yellosolarhub.com/products/inversores/neosolar_inverters_21634.jpg","https://cdn.yellosolarhub.com/products/inversores/neosolar_inverters_21634.jpg|neosolar_inverters_21634.jpg","imgs-index",100,11272.95,20,0,"https://cdn.yellosolarhub.com/products/inversores/neosolar_inverters_21634.jpg|[object Object]"
"NEOSOLARKITS24171","https://cdn.yellosolarhub.com/products/kits/NEOSOLAR_KITS_24171.jpg","https://cdn.yellosolarhub.com/products/kits/NEOSOLAR_KITS_24171.jpg|NEOSOLAR_KITS_24171.jpg","imgs-index",100,11271.95,20,0,"https://cdn.yellosolarhub.com/products/kits/NEOSOLAR_KITS_24171.jpg|[object Object]"
"IMAGEPRODUCT600109","https://cdn.yellosolarhub.com/products/inversores/IMAGE_PRODUCT_600109.png","https://cdn.yellosolarhub.com/products/inversores/IMAGE_PRODUCT_600109.png|IMAGE_PRODUCT_600109.png","imgs-index",100,11259,20,0,"https://cdn.yellosolarhub.com/products/inversores/IMAGE_PRODUCT_600109.png|[object Object]"
"NEOSOLARKITS25163","https://cdn.yellosolarhub.com/products/kits/neosolar_kits_25163.jpg","https://cdn.yellosolarhub.com/products/kits/neosolar_kits_25163.jpg|neosolar_kits_25163.jpg","imgs-index",100,11218,20,0,"https://cdn.yellosolarhub.com/products/kits/neosolar_kits_25163.jpg|[object Object]"
"FOTUSKP03568KWPCERAMICOKITS","https://cdn.yellosolarhub.com/products/kits/FOTUS-KP03-568kWp-Ceramico-kits.jpg","https://cdn.yellosolarhub.com/products/kits/FOTUS-KP03-568kWp-Ceramico-kits.jpg|FOTUS-KP03-568kWp-Ceramico-kits.jpg","imgs-index",100,11198,20,0,"https://cdn.yellosolarhub.com/products/kits/FOTUS-KP03-568kWp-Ceramico-kits.jpg|[object Object]"
"SKU320786320786517496510879977488","https://cdn.yellosolarhub.com/products/estruturas/sku_320786_320786_5-17496510879977488.jpeg","https://cdn.yellosolarhub.com/products/estruturas/sku_320786_320786_5-17496510879977488.jpeg|sku_320786_320786_5-17496510879977488.jpeg","imgs-index",100,11183,20,0,"https://cdn.yellosolarhub.com/products/estruturas/sku_320786_320786_5-17496510879977488.jpeg|[object Object]"
"NEOSOLARKITS26971","https://cdn.yellosolarhub.com/products/kits/neosolar_kits_26971.jpg","https://cdn.yellosolarhub.com/products/kits/neosolar_kits_26971.jpg|neosolar_kits_26971.jpg","imgs-index",100,11164.99,20,0,"https://cdn.yellosolarhub.com/products/kits/neosolar_kits_26971.jpg|[object Object]"
"FOTUSKP03426KWPFIBROCIMENTOKITS","https://cdn.yellosolarhub.com/products/kits/FOTUS-KP03-426kWp-Fibrocimento-kits.jpg","https://cdn.yellosolarhub.com/products/kits/FOTUS-KP03-426kWp-Fibrocimento-kits.jpg|FOTUS-KP03-426kWp-Fibrocimento-kits.jpg","imgs-index",100,11154.49,20,0,"https://cdn.yellosolarhub.com/products/kits/FOTUS-KP03-426kWp-Fibrocimento-kits.jpg|[object Object]"
"124358","https://cdn.yellosolarhub.com/products/estruturas/124358.jpg","https://cdn.yellosolarhub.com/products/estruturas/124358.jpg|124358.jpg","imgs-index",100,11140.95,20,0,"https://cdn.yellosolarhub.com/products/estruturas/124358.jpg|[object Object]"
"192068","https://cdn.yellosolarhub.com/products/stringboxes/192068.jpg","https://cdn.yellosolarhub.com/products/stringboxes/192068.jpg|192068.jpg","imgs-index",100,11135.49,20,0,"https://cdn.yellosolarhub.com/products/stringboxes/192068.jpg|[object Object]"
"FOTUSKP02142KWPCERAMICOKITS","https://cdn.yellosolarhub.com/products/kits/FOTUS-KP02-142kWp-Ceramico-kits.jpg","https://cdn.yellosolarhub.com/products/kits/FOTUS-KP02-142kWp-Ceramico-kits.jpg|FOTUS-KP02-142kWp-Ceramico-kits.jpg","imgs-index",100,11115.95,20,0,"https://cdn.yellosolarhub.com/products/kits/FOTUS-KP02-142kWp-Ceramico-kits.jpg|[object Object]"
"NEOSOLARINVERTERS26768","https://cdn.yellosolarhub.com/products/inversores/NEOSOLAR_INVERTERS_26768.jpg","https://cdn.yellosolarhub.com/products/inversores/NEOSOLAR_INVERTERS_26768.jpg|NEOSOLAR_INVERTERS_26768.jpg","imgs-index",100,11114.99,20,0,"https://cdn.yellosolarhub.com/products/inversores/NEOSOLAR_INVERTERS_26768.jpg|[object Object]"
"ILS00003","https://cdn.yellosolarhub.com/products/UNKNOWN-MANUFACTURER/ILS00003.png","https://cdn.yellosolarhub.com/products/UNKNOWN-MANUFACTURER/ILS00003.png|ILS00003.png","imgs-index",100,11112.99,20,0,"https://cdn.yellosolarhub.com/products/UNKNOWN-MANUFACTURER/ILS00003.png|[object Object]"
"FOTUSKP04360KWPMINITRILHOKITS","https://cdn.yellosolarhub.com/products/kits/FOTUS-KP04-360kWp-MiniTrilho-kits.jpg","https://cdn.yellosolarhub.com/products/kits/FOTUS-KP04-360kWp-MiniTrilho-kits.jpg|FOTUS-KP04-360kWp-MiniTrilho-kits.jpg","imgs-index",100,11088,20,0,"https://cdn.yellosolarhub.com/products/kits/FOTUS-KP04-360kWp-MiniTrilho-kits.jpg|[object Object]"
"ODEXODEXINVSOLAX10000W","https://cdn.yellosolarhub.com/products/inversores/ODEX-ODEX-INV-SOLAX-10000W.jpg","https://cdn.yellosolarhub.com/products/inversores/ODEX-ODEX-INV-SOLAX-10000W.jpg|ODEX-ODEX-INV-SOLAX-10000W.jpg","imgs-index",100,11082.99,20,0,"https://cdn.yellosolarhub.com/products/inversores/ODEX-ODEX-INV-SOLAX-10000W.jpg|[object Object]"
"NEOSOLARINVERTERS20666","https://cdn.yellosolarhub.com/products/inversores/neosolar_inverters_20666.jpg","https://cdn.yellosolarhub.com/products/inversores/neosolar_inverters_20666.jpg|neosolar_inverters_20666.jpg","imgs-index",100,11082.95,20,0,"https://cdn.yellosolarhub.com/products/inversores/neosolar_inverters_20666.jpg|[object Object]"
"IMAGEPRODUCT600388","https://cdn.yellosolarhub.com/products/inversores/IMAGE_PRODUCT_600388.png","https://cdn.yellosolarhub.com/products/inversores/IMAGE_PRODUCT_600388.png|IMAGE_PRODUCT_600388.png","imgs-index",100,11070.99,20,0,"https://cdn.yellosolarhub.com/products/inversores/IMAGE_PRODUCT_600388.png|[object Object]"
"SKU29243329243317459162631168039","https://cdn.yellosolarhub.com/products/inversores/sku_292433_292433-17459162631168039.jpeg","https://cdn.yellosolarhub.com/products/inversores/sku_292433_292433-17459162631168039.jpeg|sku_292433_292433-17459162631168039.jpeg","imgs-index",100,11066,20,0,"https://cdn.yellosolarhub.com/products/inversores/sku_292433_292433-17459162631168039.jpeg|[object Object]"
"SKU14576314576317456925994814488","https://cdn.yellosolarhub.com/products/inversores/sku_145763_145763-17456925994814488.jpeg","https://cdn.yellosolarhub.com/products/inversores/sku_145763_145763-17456925994814488.jpeg|sku_145763_145763-17456925994814488.jpeg","imgs-index",100,11061.49,20,0,"https://cdn.yellosolarhub.com/products/inversores/sku_145763_145763-17456925994814488.jpeg|[object Object]"
"DEYESUN25KG02LVIMAGE","https://cdn.yellosolarhub.com/products/inversores/DEYE-SUN-25K-G02-LV_image.png","https://cdn.yellosolarhub.com/products/inversores/DEYE-SUN-25K-G02-LV_image.png|DEYE-SUN-25K-G02-LV_image.png","imgs-index",100,11052,20,0,"https://cdn.yellosolarhub.com/products/inversores/DEYE-SUN-25K-G02-LV_image.png|[object Object]"
"NEOSOLARCHARGERS24716","https://cdn.yellosolarhub.com/products/carregadores/NEOSOLAR_CHARGERS_24716.jpg","https://cdn.yellosolarhub.com/products/carregadores/NEOSOLAR_CHARGERS_24716.jpg|NEOSOLAR_CHARGERS_24716.jpg","imgs-index",100,11050.99,20,0,"https://cdn.yellosolarhub.com/products/carregadores/NEOSOLAR_CHARGERS_24716.jpg|[object Object]"
"GOODWEGW36KMTAFCIIMAGE","https://cdn.yellosolarhub.com/products/inversores/GOODWE-GW 36K-MT - AFCI_image.jpeg","https://cdn.yellosolarhub.com/products/inversores/GOODWE-GW 36K-MT - AFCI_image.jpeg|GOODWE-GW 36K-MT - AFCI_image.jpeg","imgs-index",100,11048.49,20,0,"https://cdn.yellosolarhub.com/products/inversores/GOODWE-GW 36K-MT - AFCI_image.jpeg|[object Object]"
"IMAGEPRODUCT600126","https://cdn.yellosolarhub.com/products/inversores/IMAGE_PRODUCT_600126.png","https://cdn.yellosolarhub.com/products/inversores/IMAGE_PRODUCT_600126.png|IMAGE_PRODUCT_600126.png","imgs-index",100,11025.99,20,0,"https://cdn.yellosolarhub.com/products/inversores/IMAGE_PRODUCT_600126.png|[object Object]"
"GOODWEGW20KSDT31AFCICRSDIMAGEPRODUCT600453","https://cdn.yellosolarhub.com/products/inversores/GOODWE-GW20K-SDT-31 - AFCI C- RSD_IMAGE_PRODUCT_600453.png","https://cdn.yellosolarhub.com/products/inversores/GOODWE-GW20K-SDT-31 - AFCI C- RSD_IMAGE_PRODUCT_600453.png|GOODWE-GW20K-SDT-31 - AFCI C- RSD_IMAGE_PRODUCT_600453.png","imgs-index",100,11024,20,0,"https://cdn.yellosolarhub.com/products/inversores/GOODWE-GW20K-SDT-31 - AFCI C- RSD_IMAGE_PRODUCT_600453.png|[object Object]"
"NEOSOLARCHARGERS20859","https://cdn.yellosolarhub.com/products/carregadores/NEOSOLAR_CHARGERS_20859.jpg","https://cdn.yellosolarhub.com/products/carregadores/NEOSOLAR_CHARGERS_20859.jpg|NEOSOLAR_CHARGERS_20859.jpg","imgs-index",100,11006.95,20,0,"https://cdn.yellosolarhub.com/products/carregadores/NEOSOLAR_CHARGERS_20859.jpg|[object Object]"
"LONGI585W","https://cdn.yellosolarhub.com/products/LONGI/LONGI-585W.png","https://cdn.yellosolarhub.com/products/LONGI/LONGI-585W.png|LONGI-585W.png","imgs-index",100,10992.99,20,0,"https://cdn.yellosolarhub.com/products/LONGI/LONGI-585W.png|[object Object]"
"NEOSOLARCHARGERS20870","https://cdn.yellosolarhub.com/products/carregadores/NEOSOLAR_CHARGERS_20870.jpg","https://cdn.yellosolarhub.com/products/carregadores/NEOSOLAR_CHARGERS_20870.jpg|NEOSOLAR_CHARGERS_20870.jpg","imgs-index",100,10989.99,20,0,"https://cdn.yellosolarhub.com/products/carregadores/NEOSOLAR_CHARGERS_20870.jpg|[object Object]"
"NEOSOLARCONTROLLERS20134","https://cdn.yellosolarhub.com/products/controladores/neosolar_controllers_20134.jpg","https://cdn.yellosolarhub.com/products/controladores/neosolar_controllers_20134.jpg|neosolar_controllers_20134.jpg","imgs-index",100,10982.95,20,0,"https://cdn.yellosolarhub.com/products/controladores/neosolar_controllers_20134.jpg|[object Object]"
"NEOSOLARCHARGERS25025","https://cdn.yellosolarhub.com/products/carregadores/NEOSOLAR_CHARGERS_25025.jpg","https://cdn.yellosolarhub.com/products/carregadores/NEOSOLAR_CHARGERS_25025.jpg|NEOSOLAR_CHARGERS_25025.jpg","imgs-index",100,10959.95,20,0,"https://cdn.yellosolarhub.com/products/carregadores/NEOSOLAR_CHARGERS_25025.jpg|[object Object]"
"NEOSOLARINVERTERS21824","https://cdn.yellosolarhub.com/products/inversores/neosolar_inverters_21824.jpg","https://cdn.yellosolarhub.com/products/inversores/neosolar_inverters_21824.jpg|neosolar_inverters_21824.jpg","imgs-index",100,10950,20,0,"https://cdn.yellosolarhub.com/products/inversores/neosolar_inverters_21824.jpg|[object Object]"
"SKU29180829180817458456460969248","https://cdn.yellosolarhub.com/products/paineis/sku_291808_291808-17458456460969248.jpeg","https://cdn.yellosolarhub.com/products/paineis/sku_291808_291808-17458456460969248.jpeg|sku_291808_291808-17458456460969248.jpeg","imgs-index",100,10932,20,0,"https://cdn.yellosolarhub.com/products/paineis/sku_291808_291808-17458456460969248.jpeg|[object Object]"
"IIN00196","https://cdn.yellosolarhub.com/products/FORTLEV/IIN00196.png","https://cdn.yellosolarhub.com/products/FORTLEV/IIN00196.png|IIN00196.png","imgs-index",100,10926.99,20,0,"https://cdn.yellosolarhub.com/products/FORTLEV/IIN00196.png|[object Object]"
"IIN00237","https://cdn.yellosolarhub.com/products/FORTLEV/IIN00237.png","https://cdn.yellosolarhub.com/products/FORTLEV/IIN00237.png|IIN00237.png","imgs-index",100,10916,20,0,"https://cdn.yellosolarhub.com/products/FORTLEV/IIN00237.png|[object Object]"
"NEOSOLARKITS27303","https://cdn.yellosolarhub.com/products/kits/neosolar_kits_27303.jpg","https://cdn.yellosolarhub.com/products/kits/neosolar_kits_27303.jpg|neosolar_kits_27303.jpg","imgs-index",100,10911,20,0,"https://cdn.yellosolarhub.com/products/kits/neosolar_kits_27303.jpg|[object Object]"
"NEOSOLARKITS26984","https://cdn.yellosolarhub.com/products/kits/neosolar_kits_26984.jpg","https://cdn.yellosolarhub.com/products/kits/neosolar_kits_26984.jpg|neosolar_kits_26984.jpg","imgs-index",100,10907,20,0,"https://cdn.yellosolarhub.com/products/kits/neosolar_kits_26984.jpg|[object Object]"
"IMAGE","https://cdn.yellosolarhub.com/products/acessorios/image.png","https://cdn.yellosolarhub.com/products/acessorios/image.png|image.png","imgs-index",100,10899.99,20,0,"https://cdn.yellosolarhub.com/products/acessorios/image.png|https://cdn.yellosolarhub.com/products/cabos/image.png|https://cdn.yellosolarhub.com/products/cabos/image.webp|https://cdn.yellosolarhub.com/products/inversores/image.jpeg|https://cdn.yellosolarhub.com/products/inversores/image.jpg"
"IMAGEPRODUCT600023","https://cdn.yellosolarhub.com/products/inversores/IMAGE_PRODUCT_600023.png","https://cdn.yellosolarhub.com/products/inversores/IMAGE_PRODUCT_600023.png|IMAGE_PRODUCT_600023.png","imgs-index",100,10892,20,0,"https://cdn.yellosolarhub.com/products/inversores/IMAGE_PRODUCT_600023.png|[object Object]"
"SUNGROWSG75CXLV","https://cdn.yellosolarhub.com/products/SUNGROW/SUNGROW-SG75CX-LV.png","https://cdn.yellosolarhub.com/products/SUNGROW/SUNGROW-SG75CX-LV.png|SUNGROW-SG75CX-LV.png","imgs-index",100,10884.99,20,0,"https://cdn.yellosolarhub.com/products/SUNGROW/SUNGROW-SG75CX-LV.png|[object Object]"
"FOTUSKP04912KWPFIBROCIMENTOKITS","https://cdn.yellosolarhub.com/products/kits/FOTUS-KP04-912kWp-Fibrocimento-kits.jpg","https://cdn.yellosolarhub.com/products/kits/FOTUS-KP04-912kWp-Fibrocimento-kits.jpg|FOTUS-KP04-912kWp-Fibrocimento-kits.jpg","imgs-index",100,10874.99,20,0,"https://cdn.yellosolarhub.com/products/kits/FOTUS-KP04-912kWp-Fibrocimento-kits.jpg|[object Object]"
"NEOSOLARCABLES20142","https://cdn.yellosolarhub.com/products/cabos/NEOSOLAR_CABLES_20142.jpg","https://cdn.yellosolarhub.com/products/cabos/NEOSOLAR_CABLES_20142.jpg|NEOSOLAR_CABLES_20142.jpg","imgs-index",100,10868.95,20,0,"https://cdn.yellosolarhub.com/products/cabos/NEOSOLAR_CABLES_20142.jpg|[object Object]"
"IMAGEPRODUCT052117","https://cdn.yellosolarhub.com/products/cabos/IMAGE_PRODUCT_052117.jpg","https://cdn.yellosolarhub.com/products/cabos/IMAGE_PRODUCT_052117.jpg|IMAGE_PRODUCT_052117.jpg","imgs-index",100,10863.99,20,0,"https://cdn.yellosolarhub.com/products/cabos/IMAGE_PRODUCT_052117.jpg|[object Object]"
"IIN00211","https://cdn.yellosolarhub.com/products/FORTLEV/IIN00211.png","https://cdn.yellosolarhub.com/products/FORTLEV/IIN00211.png|IIN00211.png","imgs-index",100,10862,20,0,"https://cdn.yellosolarhub.com/products/FORTLEV/IIN00211.png|[object Object]"
"IMAGEPRODUCT600311","https://cdn.yellosolarhub.com/products/inversores/IMAGE_PRODUCT_600311.png","https://cdn.yellosolarhub.com/products/inversores/IMAGE_PRODUCT_600311.png|IMAGE_PRODUCT_600311.png","imgs-index",100,10839,20,0,"https://cdn.yellosolarhub.com/products/inversores/IMAGE_PRODUCT_600311.png|[object Object]"
"ODEXODEXINVSAJ10000W","https://cdn.yellosolarhub.com/products/inversores/ODEX-ODEX-INV-SAJ-10000W.jpg","https://cdn.yellosolarhub.com/products/inversores/ODEX-ODEX-INV-SAJ-10000W.jpg|ODEX-ODEX-INV-SAJ-10000W.jpg","imgs-index",100,10834.99,20,0,"https://cdn.yellosolarhub.com/products/inversores/ODEX-ODEX-INV-SAJ-10000W.jpg|[object Object]"
"NEOSOLARKITS26972","https://cdn.yellosolarhub.com/products/kits/neosolar_kits_26972.jpg","https://cdn.yellosolarhub.com/products/kits/neosolar_kits_26972.jpg|neosolar_kits_26972.jpg","imgs-index",100,10830.95,20,0,"https://cdn.yellosolarhub.com/products/kits/neosolar_kits_26972.jpg|[object Object]"
"NEOSOLARKITS27315","https://cdn.yellosolarhub.com/products/kits/neosolar_kits_27315.jpg","https://cdn.yellosolarhub.com/products/kits/neosolar_kits_27315.jpg|neosolar_kits_27315.jpg","imgs-index",100,10829,20,0,"https://cdn.yellosolarhub.com/products/kits/neosolar_kits_27315.jpg|[object Object]"
"NEOSOLARCONTROLLERS20109","https://cdn.yellosolarhub.com/products/controladores/NEOSOLAR_CONTROLLERS_20109.jpg","https://cdn.yellosolarhub.com/products/controladores/NEOSOLAR_CONTROLLERS_20109.jpg|NEOSOLAR_CONTROLLERS_20109.jpg","imgs-index",100,10805.95,20,0,"https://cdn.yellosolarhub.com/products/controladores/NEOSOLAR_CONTROLLERS_20109.jpg|[object Object]"
"ODEXODEXINVGROWATT125000W","https://cdn.yellosolarhub.com/products/inversores/ODEX-ODEX-INV-GROWATT-125000W.jpg","https://cdn.yellosolarhub.com/products/inversores/ODEX-ODEX-INV-GROWATT-125000W.jpg|ODEX-ODEX-INV-GROWATT-125000W.jpg","imgs-index",100,10790.99,20,0,"https://cdn.yellosolarhub.com/products/inversores/ODEX-ODEX-INV-GROWATT-125000W.jpg|[object Object]"
"IMAGEPRODUCT400188","https://cdn.yellosolarhub.com/products/estruturas/IMAGE_PRODUCT_400188.png","https://cdn.yellosolarhub.com/products/estruturas/IMAGE_PRODUCT_400188.png|IMAGE_PRODUCT_400188.png","imgs-index",100,10788.99,20,0,"https://cdn.yellosolarhub.com/products/estruturas/IMAGE_PRODUCT_400188.png|[object Object]"
"SKU215008215008317458709303606537","https://cdn.yellosolarhub.com/products/estruturas/sku_215008_215008_3-17458709303606537.jpeg","https://cdn.yellosolarhub.com/products/estruturas/sku_215008_215008_3-17458709303606537.jpeg|sku_215008_215008_3-17458709303606537.jpeg","imgs-index",100,10778.49,20,0,"https://cdn.yellosolarhub.com/products/estruturas/sku_215008_215008_3-17458709303606537.jpeg|[object Object]"
"NEOSOLARCHARGERS25012","https://cdn.yellosolarhub.com/products/carregadores/NEOSOLAR_CHARGERS_25012.jpg","https://cdn.yellosolarhub.com/products/carregadores/NEOSOLAR_CHARGERS_25012.jpg|NEOSOLAR_CHARGERS_25012.jpg","imgs-index",100,10776.95,20,0,"https://cdn.yellosolarhub.com/products/carregadores/NEOSOLAR_CHARGERS_25012.jpg|[object Object]"
"ILS00009","https://cdn.yellosolarhub.com/products/UNKNOWN-MANUFACTURER/ILS00009.png","https://cdn.yellosolarhub.com/products/UNKNOWN-MANUFACTURER/ILS00009.png|ILS00009.png","imgs-index",100,10766,20,0,"https://cdn.yellosolarhub.com/products/UNKNOWN-MANUFACTURER/ILS00009.png|[object Object]"
"NEOSOLARINVERTERS21442","https://cdn.yellosolarhub.com/products/inversores/neosolar_inverters_21442.jpg","https://cdn.yellosolarhub.com/products/inversores/neosolar_inverters_21442.jpg|neosolar_inverters_21442.jpg","imgs-index",100,10743,20,0,"https://cdn.yellosolarhub.com/products/inversores/neosolar_inverters_21442.jpg|[object Object]"
"NEOSOLARINVERTERS26628","https://cdn.yellosolarhub.com/products/inversores/NEOSOLAR_INVERTERS_26628.jpg","https://cdn.yellosolarhub.com/products/inversores/NEOSOLAR_INVERTERS_26628.jpg|NEOSOLAR_INVERTERS_26628.jpg","imgs-index",100,10708.99,20,0,"https://cdn.yellosolarhub.com/products/inversores/NEOSOLAR_INVERTERS_26628.jpg|[object Object]"
"NEOSOLARCHARGERS26361","https://cdn.yellosolarhub.com/products/carregadores/neosolar_chargers_26361.jpg","https://cdn.yellosolarhub.com/products/carregadores/neosolar_chargers_26361.jpg|neosolar_chargers_26361.jpg","imgs-index",100,10669.99,20,0,"https://cdn.yellosolarhub.com/products/carregadores/neosolar_chargers_26361.jpg|[object Object]"
"FOTUSKP04600KWPFIBROCIMENTOKITS","https://cdn.yellosolarhub.com/products/kits/FOTUS-KP04-600kWp-Fibrocimento-kits.jpg","https://cdn.yellosolarhub.com/products/kits/FOTUS-KP04-600kWp-Fibrocimento-kits.jpg|FOTUS-KP04-600kWp-Fibrocimento-kits.jpg","imgs-index",100,10654,20,0,"https://cdn.yellosolarhub.com/products/kits/FOTUS-KP04-600kWp-Fibrocimento-kits.jpg|[object Object]"
"ILS00010","https://cdn.yellosolarhub.com/products/UNKNOWN-MANUFACTURER/ILS00010.png","https://cdn.yellosolarhub.com/products/UNKNOWN-MANUFACTURER/ILS00010.png|ILS00010.png","imgs-index",100,10652.95,20,0,"https://cdn.yellosolarhub.com/products/UNKNOWN-MANUFACTURER/ILS00010.png|[object Object]"
"NEOSOLARKITS22690","https://cdn.yellosolarhub.com/products/kits/neosolar_kits_22690.jpg","https://cdn.yellosolarhub.com/products/kits/neosolar_kits_22690.jpg|neosolar_kits_22690.jpg","imgs-index",100,10651.99,20,0,"https://cdn.yellosolarhub.com/products/kits/neosolar_kits_22690.jpg|[object Object]"
"FOTUSKP04480KWPFIBROCIMENTOKITSHIBRIDOS","https://cdn.yellosolarhub.com/products/kits/FOTUS-KP04-480kWp-Fibrocimento-kits-hibridos.jpg","https://cdn.yellosolarhub.com/products/kits/FOTUS-KP04-480kWp-Fibrocimento-kits-hibridos.jpg|FOTUS-KP04-480kWp-Fibrocimento-kits-hibridos.jpg","imgs-index",100,10650,20,0,"https://cdn.yellosolarhub.com/products/kits/FOTUS-KP04-480kWp-Fibrocimento-kits-hibridos.jpg|[object Object]"
"FOTUSKP03142KWPCERAMICOKITS","https://cdn.yellosolarhub.com/products/kits/FOTUS-KP03-142kWp-Ceramico-kits.jpg","https://cdn.yellosolarhub.com/products/kits/FOTUS-KP03-142kWp-Ceramico-kits.jpg|FOTUS-KP03-142kWp-Ceramico-kits.jpg","imgs-index",100,10649.99,20,0,"https://cdn.yellosolarhub.com/products/kits/FOTUS-KP03-142kWp-Ceramico-kits.jpg|[object Object]"
"SKU26727726727717458727569694572","https://cdn.yellosolarhub.com/products/inversores/sku_267277_267277-17458727569694572.jpeg","https://cdn.yellosolarhub.com/products/inversores/sku_267277_267277-17458727569694572.jpeg|sku_267277_267277-17458727569694572.jpeg","imgs-index",100,10610.95,20,0,"https://cdn.yellosolarhub.com/products/inversores/sku_267277_267277-17458727569694572.jpeg|[object Object]"
"NEOSOLARCABLES21998","https://cdn.yellosolarhub.com/products/cabos/NEOSOLAR_CABLES_21998.jpg","https://cdn.yellosolarhub.com/products/cabos/NEOSOLAR_CABLES_21998.jpg|NEOSOLAR_CABLES_21998.jpg","imgs-index",100,10575,20,0,"https://cdn.yellosolarhub.com/products/cabos/NEOSOLAR_CABLES_21998.jpg|[object Object]"
"GOODWEGW10KMS3020AAFCIIMAGE","https://cdn.yellosolarhub.com/products/inversores/GOODWE-GW 10K-MS-30 (20A) - AFCI_image.png","https://cdn.yellosolarhub.com/products/inversores/GOODWE-GW 10K-MS-30 (20A) - AFCI_image.png|GOODWE-GW 10K-MS-30 (20A) - AFCI_image.png","imgs-index",100,10566.99,20,0,"https://cdn.yellosolarhub.com/products/inversores/GOODWE-GW 10K-MS-30 (20A) - AFCI_image.png|[object Object]"
"SKU19257619257617458855660881319","https://cdn.yellosolarhub.com/products/inversores/sku_192576_192576-17458855660881319.jpeg","https://cdn.yellosolarhub.com/products/inversores/sku_192576_192576-17458855660881319.jpeg|sku_192576_192576-17458855660881319.jpeg","imgs-index",100,10564.95,20,0,"https://cdn.yellosolarhub.com/products/inversores/sku_192576_192576-17458855660881319.jpeg|[object Object]"
"SKU24676524676517457436108364088","https://cdn.yellosolarhub.com/products/inversores/sku_246765_246765-17457436108364088.jpeg","https://cdn.yellosolarhub.com/products/inversores/sku_246765_246765-17457436108364088.jpeg|sku_246765_246765-17457436108364088.jpeg","imgs-index",100,10564.95,20,0,"https://cdn.yellosolarhub.com/products/inversores/sku_246765_246765-17457436108364088.jpeg|[object Object]"
"NEOSOLARCHARGERS24714","https://cdn.yellosolarhub.com/products/carregadores/neosolar_chargers_24714.jpg","https://cdn.yellosolarhub.com/products/carregadores/neosolar_chargers_24714.jpg|neosolar_chargers_24714.jpg","imgs-index",100,10560.95,20,0,"https://cdn.yellosolarhub.com/products/carregadores/neosolar_chargers_24714.jpg|[object Object]"
"SKU19269719269717459129405742263","https://cdn.yellosolarhub.com/products/estruturas/sku_192697_192697-17459129405742263.jpeg","https://cdn.yellosolarhub.com/products/estruturas/sku_192697_192697-17459129405742263.jpeg|sku_192697_192697-17459129405742263.jpeg","imgs-index",100,10542.95,20,0,"https://cdn.yellosolarhub.com/products/estruturas/sku_192697_192697-17459129405742263.jpeg|[object Object]"
"NEOSOLARKITS26987","https://cdn.yellosolarhub.com/products/kits/neosolar_kits_26987.jpg","https://cdn.yellosolarhub.com/products/kits/neosolar_kits_26987.jpg|neosolar_kits_26987.jpg","imgs-index",100,10540.49,20,0,"https://cdn.yellosolarhub.com/products/kits/neosolar_kits_26987.jpg|[object Object]"
"SKU210836210836117458977870704374","https://cdn.yellosolarhub.com/products/stringboxes/sku_210836_210836_1-17458977870704374.jpeg","https://cdn.yellosolarhub.com/products/stringboxes/sku_210836_210836_1-17458977870704374.jpeg|sku_210836_210836_1-17458977870704374.jpeg","imgs-index",100,10527.95,20,0,"https://cdn.yellosolarhub.com/products/stringboxes/sku_210836_210836_1-17458977870704374.jpeg|[object Object]"
"NEOSOLARINVERTERS22144","https://cdn.yellosolarhub.com/products/inversores/neosolar_inverters_22144.jpg","https://cdn.yellosolarhub.com/products/inversores/neosolar_inverters_22144.jpg|neosolar_inverters_22144.jpg","imgs-index",100,10526.99,20,0,"https://cdn.yellosolarhub.com/products/inversores/neosolar_inverters_22144.jpg|[object Object]"
"NEOSOLARKITS27300","https://cdn.yellosolarhub.com/products/kits/neosolar_kits_27300.jpg","https://cdn.yellosolarhub.com/products/kits/neosolar_kits_27300.jpg|neosolar_kits_27300.jpg","imgs-index",100,10526.95,20,0,"https://cdn.yellosolarhub.com/products/kits/neosolar_kits_27300.jpg|[object Object]"
"SKU309203309203417460398486954422","https://cdn.yellosolarhub.com/products/estruturas/sku_309203_309203_4-17460398486954422.jpeg","https://cdn.yellosolarhub.com/products/estruturas/sku_309203_309203_4-17460398486954422.jpeg|sku_309203_309203_4-17460398486954422.jpeg","imgs-index",100,10525.99,20,0,"https://cdn.yellosolarhub.com/products/estruturas/sku_309203_309203_4-17460398486954422.jpeg|[object Object]"
"ODEXODEXINVSAJ20000W","https://cdn.yellosolarhub.com/products/inversores/ODEX-ODEX-INV-SAJ-20000W.jpg","https://cdn.yellosolarhub.com/products/inversores/ODEX-ODEX-INV-SAJ-20000W.jpg|ODEX-ODEX-INV-SAJ-20000W.jpg","imgs-index",100,10517.99,20,0,"https://cdn.yellosolarhub.com/products/inversores/ODEX-ODEX-INV-SAJ-20000W.jpg|[object Object]"
"NEOSOLARINVERTERS22159","https://cdn.yellosolarhub.com/products/inversores/neosolar_inverters_22159.jpg","https://cdn.yellosolarhub.com/products/inversores/neosolar_inverters_22159.jpg|neosolar_inverters_22159.jpg","imgs-index",100,10515,20,0,"https://cdn.yellosolarhub.com/products/inversores/neosolar_inverters_22159.jpg|[object Object]"
"FOTUSKP021136KWPFIBROCIMENTOKITS","https://cdn.yellosolarhub.com/products/kits/FOTUS-KP02-1136kWp-Fibrocimento-kits.jpg","https://cdn.yellosolarhub.com/products/kits/FOTUS-KP02-1136kWp-Fibrocimento-kits.jpg|FOTUS-KP02-1136kWp-Fibrocimento-kits.jpg","imgs-index",100,10495.99,20,0,"https://cdn.yellosolarhub.com/products/kits/FOTUS-KP02-1136kWp-Fibrocimento-kits.jpg|[object Object]"
"HUAWEISUN20004KTLL1AFCIIMAGEPRODUCT600423","https://cdn.yellosolarhub.com/products/inversores/HUAWEI-SUN2000-4KTL-L1 - AFCI_IMAGE_PRODUCT_600423.png","https://cdn.yellosolarhub.com/products/inversores/HUAWEI-SUN2000-4KTL-L1 - AFCI_IMAGE_PRODUCT_600423.png|HUAWEI-SUN2000-4KTL-L1 - AFCI_IMAGE_PRODUCT_600423.png","imgs-index",100,10493.49,20,0,"https://cdn.yellosolarhub.com/products/inversores/HUAWEI-SUN2000-4KTL-L1 - AFCI_IMAGE_PRODUCT_600423.png|[object Object]"
"HUAWEISUN20003KTLL1AFCIIMAGEPRODUCT600382","https://cdn.yellosolarhub.com/products/inversores/HUAWEI-SUN2000-3KTL-L1 - AFCI_IMAGE_PRODUCT_600382.png","https://cdn.yellosolarhub.com/products/inversores/HUAWEI-SUN2000-3KTL-L1 - AFCI_IMAGE_PRODUCT_600382.png|HUAWEI-SUN2000-3KTL-L1 - AFCI_IMAGE_PRODUCT_600382.png","imgs-index",100,10479.95,20,0,"https://cdn.yellosolarhub.com/products/inversores/HUAWEI-SUN2000-3KTL-L1 - AFCI_IMAGE_PRODUCT_600382.png|[object Object]"
"FOTUSKP04342KWPCERAMICOKITS","https://cdn.yellosolarhub.com/products/kits/FOTUS-KP04-342kWp-Ceramico-kits.jpg","https://cdn.yellosolarhub.com/products/kits/FOTUS-KP04-342kWp-Ceramico-kits.jpg|FOTUS-KP04-342kWp-Ceramico-kits.jpg","imgs-index",100,10445.99,20,0,"https://cdn.yellosolarhub.com/products/kits/FOTUS-KP04-342kWp-Ceramico-kits.jpg|[object Object]"
"FOTUSKP021136KWPCERAMICOKITS","https://cdn.yellosolarhub.com/products/kits/FOTUS-KP02-1136kWp-Ceramico-kits.jpg","https://cdn.yellosolarhub.com/products/kits/FOTUS-KP02-1136kWp-Ceramico-kits.jpg|FOTUS-KP02-1136kWp-Ceramico-kits.jpg","imgs-index",100,10390.95,20,0,"https://cdn.yellosolarhub.com/products/kits/FOTUS-KP02-1136kWp-Ceramico-kits.jpg|[object Object]"
"NEOSOLARCABLES20121","https://cdn.yellosolarhub.com/products/cabos/neosolar_cables_20121.jpg","https://cdn.yellosolarhub.com/products/cabos/neosolar_cables_20121.jpg|neosolar_cables_20121.jpg","imgs-index",100,10387.49,20,0,"https://cdn.yellosolarhub.com/products/cabos/neosolar_cables_20121.jpg|[object Object]"
"NEOSOLARCONTROLLERS21709","https://cdn.yellosolarhub.com/products/controladores/NEOSOLAR_CONTROLLERS_21709.jpg","https://cdn.yellosolarhub.com/products/controladores/NEOSOLAR_CONTROLLERS_21709.jpg|NEOSOLAR_CONTROLLERS_21709.jpg","imgs-index",100,10380.99,20,0,"https://cdn.yellosolarhub.com/products/controladores/NEOSOLAR_CONTROLLERS_21709.jpg|[object Object]"
"NEOSOLARINVERTERS25046","https://cdn.yellosolarhub.com/products/inversores/NEOSOLAR_INVERTERS_25046.jpg","https://cdn.yellosolarhub.com/products/inversores/NEOSOLAR_INVERTERS_25046.jpg|NEOSOLAR_INVERTERS_25046.jpg","imgs-index",100,10377.99,20,0,"https://cdn.yellosolarhub.com/products/inversores/NEOSOLAR_INVERTERS_25046.jpg|[object Object]"
"IMAGEPRODUCT052127","https://cdn.yellosolarhub.com/products/cabos/IMAGE_PRODUCT_052127.png","https://cdn.yellosolarhub.com/products/cabos/IMAGE_PRODUCT_052127.png|IMAGE_PRODUCT_052127.png","imgs-index",100,10371.95,20,0,"https://cdn.yellosolarhub.com/products/cabos/IMAGE_PRODUCT_052127.png|[object Object]"
"NEOSOLARINVERTERS27131","https://cdn.yellosolarhub.com/products/inversores/NEOSOLAR_INVERTERS_27131.jpg","https://cdn.yellosolarhub.com/products/inversores/NEOSOLAR_INVERTERS_27131.jpg|NEOSOLAR_INVERTERS_27131.jpg","imgs-index",100,10366.99,20,0,"https://cdn.yellosolarhub.com/products/inversores/NEOSOLAR_INVERTERS_27131.jpg|[object Object]"
"IMAGEPRODUCT600308","https://cdn.yellosolarhub.com/products/inversores/IMAGE_PRODUCT_600308.png","https://cdn.yellosolarhub.com/products/inversores/IMAGE_PRODUCT_600308.png|IMAGE_PRODUCT_600308.png","imgs-index",100,10352.99,20,0,"https://cdn.yellosolarhub.com/products/inversores/IMAGE_PRODUCT_600308.png|[object Object]"
"IIN00366","https://cdn.yellosolarhub.com/products/FORTLEV/IIN00366.png","https://cdn.yellosolarhub.com/products/FORTLEV/IIN00366.png|IIN00366.png","imgs-index",100,10344.95,20,0,"https://cdn.yellosolarhub.com/products/FORTLEV/IIN00366.png|[object Object]"
"IMAGEPRODUCT600382","https://cdn.yellosolarhub.com/products/inversores/IMAGE_PRODUCT_600382.png","https://cdn.yellosolarhub.com/products/inversores/IMAGE_PRODUCT_600382.png|IMAGE_PRODUCT_600382.png","imgs-index",100,10330.99,20,0,"https://cdn.yellosolarhub.com/products/inversores/IMAGE_PRODUCT_600382.png|[object Object]"
"NEOSOLARCABLES20286","https://cdn.yellosolarhub.com/products/cabos/neosolar_cables_20286.jpg","https://cdn.yellosolarhub.com/products/cabos/neosolar_cables_20286.jpg|neosolar_cables_20286.jpg","imgs-index",100,10319.95,20,0,"https://cdn.yellosolarhub.com/products/cabos/neosolar_cables_20286.jpg|[object Object]"
"SKU31166831166817458944783606561","https://cdn.yellosolarhub.com/products/stringboxes/sku_311668_311668-17458944783606561.jpeg","https://cdn.yellosolarhub.com/products/stringboxes/sku_311668_311668-17458944783606561.jpeg|sku_311668_311668-17458944783606561.jpeg","imgs-index",100,10305.95,20,0,"https://cdn.yellosolarhub.com/products/stringboxes/sku_311668_311668-17458944783606561.jpeg|[object Object]"
"FOTUSKP02720KWPFIBROCIMENTOKITS","https://cdn.yellosolarhub.com/products/kits/FOTUS-KP02-720kWp-Fibrocimento-kits.jpg","https://cdn.yellosolarhub.com/products/kits/FOTUS-KP02-720kWp-Fibrocimento-kits.jpg|FOTUS-KP02-720kWp-Fibrocimento-kits.jpg","imgs-index",100,10303.95,20,0,"https://cdn.yellosolarhub.com/products/kits/FOTUS-KP02-720kWp-Fibrocimento-kits.jpg|[object Object]"
"NEOSOLARINVERTERS20525","https://cdn.yellosolarhub.com/products/inversores/neosolar_inverters_20525.jpg","https://cdn.yellosolarhub.com/products/inversores/neosolar_inverters_20525.jpg|neosolar_inverters_20525.jpg","imgs-index",100,10301.99,20,0,"https://cdn.yellosolarhub.com/products/inversores/neosolar_inverters_20525.jpg|[object Object]"
"FOTUSKP03852KWPMINITRILHOKITS","https://cdn.yellosolarhub.com/products/kits/FOTUS-KP03-852kWp-MiniTrilho-kits.jpg","https://cdn.yellosolarhub.com/products/kits/FOTUS-KP03-852kWp-MiniTrilho-kits.jpg|FOTUS-KP03-852kWp-MiniTrilho-kits.jpg","imgs-index",100,10300.95,20,0,"https://cdn.yellosolarhub.com/products/kits/FOTUS-KP03-852kWp-MiniTrilho-kits.jpg|[object Object]"
"IIN00224","https://cdn.yellosolarhub.com/products/FORTLEV/IIN00224.png","https://cdn.yellosolarhub.com/products/FORTLEV/IIN00224.png|IIN00224.png","imgs-index",100,10283.99,20,0,"https://cdn.yellosolarhub.com/products/FORTLEV/IIN00224.png|[object Object]"
"NEOSOLARINVERTERS22099","https://cdn.yellosolarhub.com/products/inversores/neosolar_inverters_22099.jpg","https://cdn.yellosolarhub.com/products/inversores/neosolar_inverters_22099.jpg|neosolar_inverters_22099.jpg","imgs-index",100,10281.99,20,0,"https://cdn.yellosolarhub.com/products/inversores/neosolar_inverters_22099.jpg|[object Object]"
"GOODWEGW30KLSMTAFCIIMAGEPRODUCT600268","https://cdn.yellosolarhub.com/products/inversores/GOODWE-GW 30KLS-MT - AFCI_IMAGE_PRODUCT_600268.png","https://cdn.yellosolarhub.com/products/inversores/GOODWE-GW 30KLS-MT - AFCI_IMAGE_PRODUCT_600268.png|GOODWE-GW 30KLS-MT - AFCI_IMAGE_PRODUCT_600268.png","imgs-index",100,10276.99,20,0,"https://cdn.yellosolarhub.com/products/inversores/GOODWE-GW 30KLS-MT - AFCI_IMAGE_PRODUCT_600268.png|[object Object]"
"NEOSOLARINVERTERS26815","https://cdn.yellosolarhub.com/products/inversores/NEOSOLAR_INVERTERS_26815.jpg","https://cdn.yellosolarhub.com/products/inversores/NEOSOLAR_INVERTERS_26815.jpg|NEOSOLAR_INVERTERS_26815.jpg","imgs-index",100,10261.95,20,0,"https://cdn.yellosolarhub.com/products/inversores/NEOSOLAR_INVERTERS_26815.jpg|[object Object]"
"GOODWEGW20KETAFCIIMAGEPRODUCT600149","https://cdn.yellosolarhub.com/products/inversores/GOODWE-GW20K-ET - AFCI_IMAGE_PRODUCT_600149.png","https://cdn.yellosolarhub.com/products/inversores/GOODWE-GW20K-ET - AFCI_IMAGE_PRODUCT_600149.png|GOODWE-GW20K-ET - AFCI_IMAGE_PRODUCT_600149.png","imgs-index",100,10258.99,20,0,"https://cdn.yellosolarhub.com/products/inversores/GOODWE-GW20K-ET - AFCI_IMAGE_PRODUCT_600149.png|[object Object]"
"NEOSOLARKITS25132","https://cdn.yellosolarhub.com/products/kits/neosolar_kits_25132.jpg","https://cdn.yellosolarhub.com/products/kits/neosolar_kits_25132.jpg|neosolar_kits_25132.jpg","imgs-index",100,10253,20,0,"https://cdn.yellosolarhub.com/products/kits/neosolar_kits_25132.jpg|[object Object]"
"GOODWEGW10KMSG40AFCIIMAGEPRODUCT600463","https://cdn.yellosolarhub.com/products/inversores/GOODWE-GW10K-MS-G40 - AFCI_IMAGE_PRODUCT_600463.png","https://cdn.yellosolarhub.com/products/inversores/GOODWE-GW10K-MS-G40 - AFCI_IMAGE_PRODUCT_600463.png|GOODWE-GW10K-MS-G40 - AFCI_IMAGE_PRODUCT_600463.png","imgs-index",100,10249,20,0,"https://cdn.yellosolarhub.com/products/inversores/GOODWE-GW10K-MS-G40 - AFCI_IMAGE_PRODUCT_600463.png|[object Object]"
"FOTUSKP02284KWPFIBROCIMENTOKITS","https://cdn.yellosolarhub.com/products/kits/FOTUS-KP02-284kWp-Fibrocimento-kits.jpg","https://cdn.yellosolarhub.com/products/kits/FOTUS-KP02-284kWp-Fibrocimento-kits.jpg|FOTUS-KP02-284kWp-Fibrocimento-kits.jpg","imgs-index",100,10246.95,20,0,"https://cdn.yellosolarhub.com/products/kits/FOTUS-KP02-284kWp-Fibrocimento-kits.jpg|[object Object]"
"NEOSOLARINVERTERS22663","https://cdn.yellosolarhub.com/products/inversores/NEOSOLAR_INVERTERS_22663.jpg","https://cdn.yellosolarhub.com/products/inversores/NEOSOLAR_INVERTERS_22663.jpg|NEOSOLAR_INVERTERS_22663.jpg","imgs-index",100,10242.99,20,0,"https://cdn.yellosolarhub.com/products/inversores/NEOSOLAR_INVERTERS_22663.jpg|[object Object]"
"IMAGEPRODUCT052121","https://cdn.yellosolarhub.com/products/cabos/IMAGE_PRODUCT_052121.jpg","https://cdn.yellosolarhub.com/products/cabos/IMAGE_PRODUCT_052121.jpg|IMAGE_PRODUCT_052121.jpg","imgs-index",100,10235.95,20,0,"https://cdn.yellosolarhub.com/products/cabos/IMAGE_PRODUCT_052121.jpg|[object Object]"
"NEOSOLARINVERTERS22691","https://cdn.yellosolarhub.com/products/inversores/NEOSOLAR_INVERTERS_22691.jpg","https://cdn.yellosolarhub.com/products/inversores/NEOSOLAR_INVERTERS_22691.jpg|NEOSOLAR_INVERTERS_22691.jpg","imgs-index",100,10232.49,20,0,"https://cdn.yellosolarhub.com/products/inversores/NEOSOLAR_INVERTERS_22691.jpg|[object Object]"
"FOTUSKP04840KWPCERAMICOKITSHIBRIDOS","https://cdn.yellosolarhub.com/products/kits/FOTUS-KP04-840kWp-Ceramico-kits-hibridos.jpg","https://cdn.yellosolarhub.com/products/kits/FOTUS-KP04-840kWp-Ceramico-kits-hibridos.jpg|FOTUS-KP04-840kWp-Ceramico-kits-hibridos.jpg","imgs-index",100,10205.99,20,0,"https://cdn.yellosolarhub.com/products/kits/FOTUS-KP04-840kWp-Ceramico-kits-hibridos.jpg|[object Object]"
"NEOSOLARINVERTERS20247","https://cdn.yellosolarhub.com/products/inversores/neosolar_inverters_20247.jpg","https://cdn.yellosolarhub.com/products/inversores/neosolar_inverters_20247.jpg|neosolar_inverters_20247.jpg","imgs-index",100,10203,20,0,"https://cdn.yellosolarhub.com/products/inversores/neosolar_inverters_20247.jpg|[object Object]"
"IIN00288","https://cdn.yellosolarhub.com/products/FORTLEV/IIN00288.png","https://cdn.yellosolarhub.com/products/FORTLEV/IIN00288.png|IIN00288.png","imgs-index",100,10200,20,0,"https://cdn.yellosolarhub.com/products/FORTLEV/IIN00288.png|[object Object]"
"IIN00259","https://cdn.yellosolarhub.com/products/FORTLEV/IIN00259.png","https://cdn.yellosolarhub.com/products/FORTLEV/IIN00259.png|IIN00259.png","imgs-index",100,10199.95,20,0,"https://cdn.yellosolarhub.com/products/FORTLEV/IIN00259.png|[object Object]"
"SKU112369117457314169194004","https://cdn.yellosolarhub.com/products/inversores/sku_112369_1-17457314169194004.jpeg","https://cdn.yellosolarhub.com/products/inversores/sku_112369_1-17457314169194004.jpeg|sku_112369_1-17457314169194004.jpeg","imgs-index",100,10197.49,20,0,"https://cdn.yellosolarhub.com/products/inversores/sku_112369_1-17457314169194004.jpeg|[object Object]"
"GOODWEGW60KSMTIMAGE","https://cdn.yellosolarhub.com/products/inversores/GOODWE-GW 60KS-MT_image.png","https://cdn.yellosolarhub.com/products/inversores/GOODWE-GW 60KS-MT_image.png|GOODWE-GW 60KS-MT_image.png","imgs-index",100,10175,20,0,"https://cdn.yellosolarhub.com/products/inversores/GOODWE-GW 60KS-MT_image.png|[object Object]"
"IEF00132","https://cdn.yellosolarhub.com/products/UNKNOWN-MANUFACTURER/IEF00132.png","https://cdn.yellosolarhub.com/products/UNKNOWN-MANUFACTURER/IEF00132.png|IEF00132.png","imgs-index",100,10162.49,20,0,"https://cdn.yellosolarhub.com/products/UNKNOWN-MANUFACTURER/IEF00132.png|[object Object]"
"FOTUSKP04240KWPFIBROCIMENTOKITSHIBRIDOS","https://cdn.yellosolarhub.com/products/kits/FOTUS-KP04-240kWp-Fibrocimento-kits-hibridos.jpg","https://cdn.yellosolarhub.com/products/kits/FOTUS-KP04-240kWp-Fibrocimento-kits-hibridos.jpg|FOTUS-KP04-240kWp-Fibrocimento-kits-hibridos.jpg","imgs-index",100,10149,20,0,"https://cdn.yellosolarhub.com/products/kits/FOTUS-KP04-240kWp-Fibrocimento-kits-hibridos.jpg|[object Object]"
"NEOSOLARINVERTERS26858","https://cdn.yellosolarhub.com/products/inversores/NEOSOLAR_INVERTERS_26858.jpg","https://cdn.yellosolarhub.com/products/inversores/NEOSOLAR_INVERTERS_26858.jpg|NEOSOLAR_INVERTERS_26858.jpg","imgs-index",100,10134.99,20,0,"https://cdn.yellosolarhub.com/products/inversores/NEOSOLAR_INVERTERS_26858.jpg|[object Object]"
"NEOSOLARINVERTERS27171","https://cdn.yellosolarhub.com/products/inversores/NEOSOLAR_INVERTERS_27171.jpg","https://cdn.yellosolarhub.com/products/inversores/NEOSOLAR_INVERTERS_27171.jpg|NEOSOLAR_INVERTERS_27171.jpg","imgs-index",100,10122.99,20,0,"https://cdn.yellosolarhub.com/products/inversores/NEOSOLAR_INVERTERS_27171.jpg|[object Object]"
"NEOSOLARPOSTS24174","https://cdn.yellosolarhub.com/products/postes/neosolar_posts_24174.jpg","https://cdn.yellosolarhub.com/products/postes/neosolar_posts_24174.jpg|neosolar_posts_24174.jpg","imgs-index",100,10107.99,20,0,"https://cdn.yellosolarhub.com/products/postes/neosolar_posts_24174.jpg|[object Object]"
"IIN00257","https://cdn.yellosolarhub.com/products/FORTLEV/IIN00257.png","https://cdn.yellosolarhub.com/products/FORTLEV/IIN00257.png|IIN00257.png","imgs-index",100,10106.99,20,0,"https://cdn.yellosolarhub.com/products/FORTLEV/IIN00257.png|[object Object]"
"NEOSOLARKITS27267","https://cdn.yellosolarhub.com/products/kits/neosolar_kits_27267.jpg","https://cdn.yellosolarhub.com/products/kits/neosolar_kits_27267.jpg|neosolar_kits_27267.jpg","imgs-index",100,10098.99,20,0,"https://cdn.yellosolarhub.com/products/kits/neosolar_kits_27267.jpg|[object Object]"
"NEOSOLARKITS23927","https://cdn.yellosolarhub.com/products/kits/neosolar_kits_23927.jpg","https://cdn.yellosolarhub.com/products/kits/neosolar_kits_23927.jpg|neosolar_kits_23927.jpg","imgs-index",100,10091.95,20,0,"https://cdn.yellosolarhub.com/products/kits/neosolar_kits_23927.jpg|[object Object]"
"IIN00215","https://cdn.yellosolarhub.com/products/FORTLEV/IIN00215.png","https://cdn.yellosolarhub.com/products/FORTLEV/IIN00215.png|IIN00215.png","imgs-index",100,10091,20,0,"https://cdn.yellosolarhub.com/products/FORTLEV/IIN00215.png|[object Object]"
"SKU19402319402317460422066042496","https://cdn.yellosolarhub.com/products/inversores/sku_194023_194023-17460422066042496.jpeg","https://cdn.yellosolarhub.com/products/inversores/sku_194023_194023-17460422066042496.jpeg|sku_194023_194023-17460422066042496.jpeg","imgs-index",100,10087,20,0,"https://cdn.yellosolarhub.com/products/inversores/sku_194023_194023-17460422066042496.jpeg|[object Object]"
"NEOSOLARCONTROLLERS20132","https://cdn.yellosolarhub.com/products/controladores/neosolar_controllers_20132.jpg","https://cdn.yellosolarhub.com/products/controladores/neosolar_controllers_20132.jpg|neosolar_controllers_20132.jpg","imgs-index",100,10084,20,0,"https://cdn.yellosolarhub.com/products/controladores/neosolar_controllers_20132.jpg|[object Object]"
"NEOSOLARINVERTERS26795","https://cdn.yellosolarhub.com/products/inversores/NEOSOLAR_INVERTERS_26795.jpg","https://cdn.yellosolarhub.com/products/inversores/NEOSOLAR_INVERTERS_26795.jpg|NEOSOLAR_INVERTERS_26795.jpg","imgs-index",100,10077.95,20,0,"https://cdn.yellosolarhub.com/products/inversores/NEOSOLAR_INVERTERS_26795.jpg|[object Object]"
"DISPOSITIVODEDESCONEXAOIQRELAYLNBR","https://cdn.yellosolarhub.com/products/UNKNOWN-MANUFACTURER/DISPOSITIVO-DE-DESCONEXAO-IQ-RELAY-LN-BR.png","https://cdn.yellosolarhub.com/products/UNKNOWN-MANUFACTURER/DISPOSITIVO-DE-DESCONEXAO-IQ-RELAY-LN-BR.png|DISPOSITIVO-DE-DESCONEXAO-IQ-RELAY-LN-BR.png","imgs-index",100,10073.95,20,0,"https://cdn.yellosolarhub.com/products/UNKNOWN-MANUFACTURER/DISPOSITIVO-DE-DESCONEXAO-IQ-RELAY-LN-BR.png|[object Object]"
"NEOSOLARINVERTERS26944","https://cdn.yellosolarhub.com/products/inversores/NEOSOLAR_INVERTERS_26944.jpg","https://cdn.yellosolarhub.com/products/inversores/NEOSOLAR_INVERTERS_26944.jpg|NEOSOLAR_INVERTERS_26944.jpg","imgs-index",100,10070.99,20,0,"https://cdn.yellosolarhub.com/products/inversores/NEOSOLAR_INVERTERS_26944.jpg|[object Object]"