avg_price,distributors_count,id_Fortlev,id_Fotus,id_Neosolar,inverter_manufacturer,max_price,min_price,panel_manufacturer,panel_power_w,price_Fortlev,price_Fotus,price_Neosolar,price_diff,price_diff_pct,system_kwp
12113.348484848484,33,,,NEO-26645,,22513.72,5327.97,,620,,,15379.46,17185.75,322.5571840682286,72.0
21841.997317073172,81,,,NEO-27049,,32417.63,15381.27,,620,,,17603.97,17036.36,110.76042485438458,2.0
11169.838333333333,24,,,NEO-27378,,13837.36,6807.53,,620,,,13837.36,7029.830000000001,103.26550158427507,24.0
24077.303333333333,57,,,NEO-26828,,31861.03,16293.58,,565,,,0,15567.449999999999,95.54345944844533,5.65
15526.958181818183,11,,,NEO-27070,,22431.66,12377.37,,620,,,12377.37,10054.289999999999,81.23123086730055,6.0
5344.89,20,,,NEO-25053,,6812.12,3767.8,,340,,,4624.47,3044.3199999999997,80.79834386113912,0.68
1299.506153846154,14,,,NEO-23922,,1629.26,913.01,,60,,,0,716.25,78.44930504594693,0.06
1264.0958823529413,18,,,NEO-25156,,1645.23,928.98,,100,,,1579.29,716.25,77.10069108053995,0.1
18285.251666666667,12,,,NEO-26626,,22605.2,14171.64,,565,,,22605.2,8433.560000000001,59.51012021191621,95.0
1719.1323076923077,16,,,NEO-25046,,2135.52,1423.43,,160,,,1423.43,712.0899999999999,50.026344814989145,0.16
1056.2325,9,,,NEO-25043,,1256.64,858.28,,30,,,861.47,398.3600000000001,46.413757748054266,0.03
6236.02,4,fortlev_kit_066,,,,7858.86,5457.3,Longi,585,7858.86,,,2401.5599999999995,44.006376779726224,4.09
6657.91,4,fortlev_kit_069,,,,8280.75,5879.19,Longi,630,8280.75,,,2401.5600000000004,40.84848422997047,4.41
2231.0,21,,,NEO-26947,,2582.62,1899.49,,0,,,2489.31,683.1299999999999,35.96386398454322,0.62
3199.6800000000003,12,,,NEO-25162,,3515.34,2596.31,,340,,,3515.34,919.0300000000002,35.39754497729471,0.34
29423.893333333337,32,,,NEO-26833,,33828.23,25019.56,,565,,,0,8808.670000000002,35.2071339384066,9.04
30314.463333333333,36,,,NEO-26854,,34718.8,25910.13,,620,,,0,8808.670000000002,33.997011979484476,9.92
2386.5129411764706,22,,,NEO-23931,,2877.28,2159.1,,160,,,0,718.1800000000003,33.26293362975316,0.32
8138.5775,4,fortlev_kit_095,,,,9761.42,7359.85,BYD,530,9761.42,,,2401.5699999999997,32.63069220160737,4.24
9085.99,3,,,NEO-25057,,9864.46,7529.05,,435,,,7529.05,2335.409999999999,31.018654411911186,74.0
2638.5036842105264,19,,,NEO-26921,,3020.61,2309.19,,0,,,3020.61,711.4200000000001,30.808205474646954,1.24
9066.44,4,fortlev_kit_111,,,,10689.28,8287.72,,,10689.28,,,2401.5600000000013,28.97733031521337,4.03
2994.0457142857144,21,,,NEO-26933,,3352.9,2614.3,,0,,,3256.61,738.5999999999999,28.252304632215118,1.86
6567.32,16,,,NEO-25051,,7048.45,5605.06,,610,,,5605.06,1443.3899999999994,25.751553060984172,0.61
16787.21117647059,17,,,NEO-27051,,18134.07,14646.57,,620,,,14646.57,3487.5,23.81103562130929,4.0
7961.33,4,fortlev_kit_091,,,,8942.84,7482.53,,,8942.84,,,1460.3100000000004,19.516259874668066,3.45
2173.1525,13,,,NEO-23699,,2365.8,1980.97,,160,,,0,384.83000000000015,19.426341640711374,25.6
23658.967777777776,9,,,NEO-26788,,25889.32,21716.02,,620,,,21716.02,4173.299999999999,19.217609856686444,58.0
9660.441428571428,14,,,NEO-27145,,10554.57,8880.57,,620,,,10554.57,1674.0,18.85014137606032,20.0
2636.065,13,,,NEO-25132,,2858.35,2414.24,,320,,,2470.79,444.1100000000001,18.39543707336471,102.4
6102.280000000001,5,,,NEO-23935,,6603.59,5600.97,,160,,,0,1002.6199999999999,17.900827892311508,0.96
3079.010666666667,15,,,NEO-26938,,3247.51,2779.92,,0,,,3246.12,467.59000000000015,16.820268209157103,2.48
30541.676666666666,42,,,NEO-26653,,32461.36,28057.03,,620,,,0,4404.330000000002,15.697776992076504,92.0
22385.78375,8,,,NEO-26831,,24077.62,21215.08,,565,,,24077.62,2862.5399999999972,13.492949354892827,5.08
5263.8,10,,,NEO-27113,,5504.67,4862.97,,565,,,5225.67,641.6999999999998,13.195639701663794,39.0
2886.6525,16,,,NEO-27146,,3053.39,2698.14,,0,,,3053.39,355.25,13.16647764756462,1.4
36702.3,30,,,NEO-26844,,38904.47,34500.13,,565,,,0,4404.340000000004,12.76615479419934,13.56
7905.103333333334,18,,,NEO-27139,,8406.27,7476.27,,620,,,8220.27,930.0,12.439358129120537,96.0
11183.869999999999,15,,,NEO-27012,,11828.67,10526.67,,565,,,11828.67,1302.0,12.368583797155226,9.0
17011.095,16,,,NEO-27032,,17743.47,15790.47,,565,,,15790.47,1953.0000000000018,12.368219565345438,86.0
8692.245,12,,,NEO-27090,,9075.87,8099.37,,565,,,8099.37,976.5000000000009,12.056493282810896,65.0
3243.244782608696,23,,,NEO-27164,,3408.54,3047.53,,0,,,3249.93,361.00999999999976,11.845986749925341,2.8
12003.303333333333,18,,,NEO-27021,,12581.97,11279.97,,565,,,12023.97,1302.0,11.542583889850771,4.0
9562.57,9,,,NEO-27004,,9996.57,9020.07,,565,,,9996.57,976.5,10.825858335910919,7.0
13098.12,16,,,NEO-27028,,13679.37,12377.37,,565,,,13121.37,1302.0,10.519197535502292,3.0
6862.469999999999,10,,,NEO-27121,,7132.17,6481.17,,565,,,7039.17,651.0,10.044482709140478,52.0
13730.52,8,,,NEO-27063,,14274.57,13158.57,,620,,,13158.57,1116.0,8.481164746625202,3.0
10656.87,9,,,NEO-27077,,11010.27,10173.27,,620,,,10731.27,837.0,8.227443093518602,44.0
5696.71,3,fortlev_kit_033,,,,5842.82,5458.93,,,5842.82,,,383.8899999999994,7.032330511657035,4.27
2418.2799999999997,8,,,NEO-27167,,2494.04,2342.52,,0,,,2494.04,151.51999999999998,6.4682478698154116,700.0
7137.776666666668,3,fortlev_kit_055,,,,7380.85,6935.24,BYD,530,7380.85,,,445.6100000000006,6.42530035009604,3.71
5208.086666666666,3,fortlev_kit_017,,,,5364.9,5056.46,Longi,585,5364.9,,,308.4399999999996,6.099919706672249,3.51
5209.486666666667,3,fortlev_kit_018,,,,5366.3,5057.86,,,5366.3,,,308.4400000000005,6.098231267769384,3.66
5569.706666666668,3,fortlev_kit_028,,,,5726.52,5418.08,Longi,630,5726.52,,,308.4400000000005,5.69279154239141,3.78
12912.244999999999,4,fortlev_kit_131,,,,13303.21,12611.35,,,13303.21,,,691.8599999999988,5.486010617420012,10.98
13391.8125,4,fortlev_kit_138,,,,13782.77,13090.92,Longi,630,13782.77,,,691.8500000000004,5.284960873643719,10.71
13504.765,2,fortlev_kit_140,,,,13839.84,13169.69,Longi,585,13839.84,,,670.1499999999996,5.088578394783777,11.12
14442.79,8,,,NEO-26783,,14800.61,14084.97,,620,,,14084.97,715.6400000000012,5.080876991573295,7.0
3311.633333333333,12,,,NEO-27153,,3417.42,3258.74,,0,,,3417.42,158.6800000000003,4.869366687738215,2.1
30432.845,6,,,NEO-26638,,31136.94,29728.75,,565,,,31136.94,1408.1899999999987,4.736795189841479,7.35
15532.695,2,fortlev_kit_161,,,,15878.62,15186.77,Risen,700,15878.62,,,691.8500000000004,4.55560991573587,11.2
4308.0,2,fortlev_kit_006,,,Growatt,4393.24,4222.76,Longi,585,4393.24,,,170.47999999999956,4.037170002557558,2.92
18160.955,2,fortlev_kit_190,,,,18496.03,17825.88,BYD,530,18496.03,,,670.1499999999978,3.7594216947494195,11.13
13633.533333333333,3,fortlev_kit_141,,,,13891.31,13428.97,,,13891.31,,,462.34000000000015,3.4428552599343076,11.59
21131.4325,4,fortlev_kit_204,,,,21522.39,20830.54,,,21522.39,,,691.8499999999985,3.321325323299341,10.93
14138.525,4,fortlev_kit_147,,,,14427.7,13965.37,Longi,585,14427.7,,,462.3299999999999,3.3105460148925516,11.7
16604.18,5,fortlev_kit_176,,,,16824.66,16304.21,,,16824.66,,,520.4500000000007,3.192120317390421,14.64
14742.8275,4,fortlev_kit_156,,,,15032.01,14569.67,Longi,630,15032.01,,,462.34000000000015,3.173304542930623,11.97
17139.41,5,fortlev_kit_182,,,,17359.89,16839.44,Longi,585,17359.89,,,520.4500000000007,3.0906609720988394,14.63
17443.966,5,fortlev_kit_187,,,,17664.45,17143.99,Longi,630,17664.45,,,520.4599999999991,3.035816049822702,14.49
8724.0625,4,fortlev_kit_089,,,,8832.1,8584.9,Longi,585,8832.1,,,247.20000000000073,2.8794744260271026,7.02
8726.8625,4,fortlev_kit_090,,,,8834.9,8587.7,,,8834.9,,,247.1999999999989,2.878535579957368,7.32
8846.2025,4,fortlev_kit_094,,,,8954.24,8707.04,Longi,630,8954.24,,,247.1999999999989,2.839081938293598,6.93
5887.22,2,fortlev_kit_036,,,,5968.22,5806.22,Risen,700,5968.22,,,162.0,2.7901112944394115,3.5
6329.719999999999,2,fortlev_kit_043,,,Growatt,6414.96,6244.48,,,6414.96,,,170.48000000000047,2.7300912165624758,2.88
19760.893333333333,3,fortlev_kit_199,,,,20002.0,19481.55,Risen,700,20002.0,,,520.4500000000007,2.671502010876962,14.7
18996.34,3,fortlev_kit_196,,,,19254.11,18791.78,BYD,530,19254.11,,,462.33000000000175,2.460277844887508,11.66
16463.86333333333,3,fortlev_kit_175,,,,16695.32,16311.93,Risen,700,16695.32,,,383.3899999999994,2.3503656526235672,11.9
2507.39,2,,,NEO-23702,,2535.66,2479.12,,200,,,2535.66,56.539999999999964,2.2806479718609816,40.0
23519.322500000002,4,fortlev_kit_213,,,,23748.43,23227.97,BYD,530,23748.43,,,520.4599999999991,2.240660720674252,14.84
3880.56,2,fortlev_kit_004,,,Growatt,3923.18,3837.94,Risen,700,3923.18,,,85.23999999999978,2.2209831315757875,2.8
22256.833333333332,3,fortlev_kit_209,,,,22514.61,22052.27,,,22514.61,,,462.34000000000015,2.0965642085826093,11.5
12188.7425,4,fortlev_kit_123,,,,12296.78,12049.58,BYD,530,12296.78,,,247.20000000000073,2.0515237875511074,7.42
9948.09,2,fortlev_kit_102,,,,10038.74,9857.44,Risen,700,10038.74,,,181.29999999999927,1.8392199191676464,7.0
14521.375,4,fortlev_kit_152,,,,14629.41,14382.22,,,14629.41,,,247.1900000000005,1.7187193632137494,7.47
4129.959999999999,10,,,NEO-23932,,4162.98,4096.94,,160,,,0,66.03999999999996,1.611934761065575,0.48
9898.0125,4,fortlev_kit_100,,,,9998.19,9841.25,,,9998.19,,,156.9400000000005,1.594716118379276,8.54
10435.58,4,fortlev_kit_109,,,,10535.76,10378.82,Longi,585,10535.76,,,156.9400000000005,1.512117947897743,8.78
10738.5325,4,fortlev_kit_114,,,,10838.71,10681.77,Longi,630,10838.71,,,156.9399999999987,1.4692321590897266,8.82
13699.86,4,fortlev_kit_139,,,,13800.04,13643.1,BYD,530,13800.04,,,156.9400000000005,1.1503250727474,8.48
2692.7799999999997,2,,FOTUS-KP04-kits-hibridos,,,2706.07,2679.49,,600,,2706.07,,26.580000000000382,0.9919798170547522,1.2
31669.137499999997,4,,,NEO-26669,,31900.73,31591.94,,620,,,31591.94,308.7900000000009,0.9774328515437827,8.06
3109.9049999999997,2,,,NEO-23706,,3124.74,3095.07,,400,,,3124.74,29.669999999999618,0.9586212912793447,160.0
16500.7575,4,fortlev_kit_171,,,,16600.94,16444.0,,,16600.94,,,156.9399999999987,0.9543906592069976,8.63
5325.625,2,fortlev_kit_016,,,Growatt,5347.17,5304.08,Longi,630,5347.17,,,43.090000000000146,0.8123934782280838,3.78
5504.835,2,fortlev_kit_023,,,Growatt,5526.38,5483.29,Longi,585,5526.38,,,43.090000000000146,0.7858420765635257,4.09
6696.345,2,fortlev_kit_049,,,Growatt,6717.89,6674.8,BYD,530,6717.89,,,43.090000000000146,0.6455624138550989,3.71
8335.25,2,fortlev_kit_072,,,Growatt,8356.79,8313.71,,,8356.79,,,43.080000000001746,0.5181802107603194,4.03
11537.34,2,fortlev_kit_116,,,,11560.69,11513.99,Risen,700,11560.69,,,46.70000000000073,0.4055935431592413,8.4
,21,,,NEO-22684,,,,,460,,,0,,,1.38
,19,,,NEO-22671,,,,,330,,,0,,,0.33
,11,,,NEO-22689,,,,,580,,,0,,,2.32
,22,,,NEO-22676,,,,,580,,,0,,,1.16
,9,,,NEO-22663,,,,,580,,,0,,,0.58
6147.89,5,,,NEO-25054,,6147.89,6147.89,,435,,,0,0.0,0.0,0.87
6990.92,4,,,NEO-25055,,6990.92,6990.92,,435,,,6990.92,0.0,0.0,31.0
39291.55,23,,,NEO-26671,,39291.55,39291.55,,620,,,0,0.0,0.0,14.88
,87,,,NEO-21740,,,,,0,,,0,,,74.0
,95,,,NEO-21511,,,,,0,,,0,,,58.0
,15,,,NEO-21072,,,,,0,,,0,,,72.0
,31,,,NEO-22345,,,,,0,,,0,,,78.0
,30,,,NEO-22439,,,,,0,,,0,,,38.0
,15,,,NEO-21044,,,,,0,,,0,,,30.0
,8,,,NEO-22650,,,,,280,,,0,,,0.28
,4,,,NEO-24556,,,,,585,,,0,,,1.17
,4,,,NEO-23939,,,,,555,,,0,,,0.22
,3,,,NEO-23936,,,,,160,,,0,,,0.12
,4,,,NEO-23938,,,,,585,,,0,,,0.17
,8,,,NEO-22664,,,,,280,,,0,,,0.56
,12,,,NEO-22632,,,,,330,,,0,,,0.66
,3,,,NEO-22668,,,,,280,,,0,,,1.12
,7,,,NEO-25058,,,,,610,,,0,,,44.0
,7,,,NEO-25056,,,,,610,,,0,,,22.0
,2,,,NEO-22641,,,,,330,,,0,,,0.99
,19,,,NEO-24904,,,,,610,,,0,,,76.0
,2,,,NEO-24942,,,,,610,,,0,,,64.0
,24,,,NEO-24923,,,,,610,,,0,,,1.0
,10,,,NEO-25085,,,,,610,,,0,,,81.0
,10,,,NEO-25084,,,,,610,,,0,,,20.0
,10,,,NEO-25091,,,,,610,,,0,,,15.0
,10,,,NEO-25080,,,,,610,,,0,,,10.0
,81,,,NEO-21723,,,,,0,,,0,,,32.0
,35,,,NEO-21119,,,,,0,,,0,,,59.0
,10,,,NEO-21398,,,,,0,,,0,,,57.0
,68,,,NEO-21800,,,,,0,,,0,,,16.0
,12,,,NEO-23099,,,,,0,,,0,,,34.0
,13,,,NEO-21127,,,,,0,,,0,,,15.0
,8,,,NEO-23084,,,,,0,,,0,,,17.0
,9,,,NEO-23097,,,,,0,,,0,,,75.0
,26,,,NEO-22221,,,,,0,,,0,,,65.0
,26,,,NEO-22219,,,,,0,,,0,,,10.0
,31,,,NEO-22210,,,,,0,,,0,,,55.0
,22,,,NEO-22323,,,,,0,,,0,,,20.0
,4,,,NEO-24690,,,,,0,,,0,,,44.0
,6,,,NEO-24925,,,,,610,,,0,,,49.0
,14,,,NEO-25070,,,,,610,,,0,,,66.0
,10,,,NEO-25082,,,,,610,,,0,,,54.0
,10,,,NEO-25079,,,,,610,,,0,,,88.0
,10,,,NEO-25073,,,,,610,,,0,,,32.0
,23,,,NEO-22506,,,,,0,,,0,,,66.0
,21,,,NEO-24693,,,,,0,,,0,,,22.0
,24,,,NEO-22932,,,,,0,,,0,,,11.0
,32,,,NEO-21126,,,,,0,,,0,,,19.0
,2,,,NEO-24632,,,,,0,,,0,,,24.0
,2,,,NEO-24694,,,,,0,,,0,,,83.0
