dataset-heading,dataset-heading href,dataset-content,label 2,label 3,label href 3
Sistema de Gestão da Transmissão - SIGET,https://dadosabertos.aneel.gov.br/dataset/sistema-de-gestao-da-transmissao-siget,"A expansão da rede básica de transmissão de energia elétrica tem seu planejamento centralizado. O Ministério de Minas e Energia — MME, a partir dos estudos técnicos elaborados...",CSV,,
SIGA - Sistema de Informações de Geração da ANEEL,https://dadosabertos.aneel.gov.br/dataset/siga-sistema-de-informacoes-de-geracao-da-aneel,"Este é o novo conjunto de dados extraídos do SIGA (banco de dados do Sistema de Informações de Geração da ANEEL), que contém as informações dos empreendimentos de geração de...",CSV,XML,https://dadosabertos.aneel.gov.br/dataset/siga-sistema-de-informacoes-de-geracao-da-aneel
Ouvidoria Setorial ANEEL,https://dadosabertos.aneel.gov.br/dataset/ouvidoria-setorial-aneel,A Ouvidoria Setorial apoia os consumidores na busca pela conciliação com a distribuidora em questões relacionadas à prestação do serviço público de energia elétrica. É um canal...,CSV,,
Componentes Tarifárias,https://dadosabertos.aneel.gov.br/dataset/componentes-tarifarias,"Apresenta os valores das Tarifas de Energia - TE e das Tarifas de Uso do Sistema de Distribuição - TUSD, resultantes dos processos de reajustes tarifários das distribuidoras de...",CSV,,
SIGEC - Sistema de Gestão de Créditos,https://dadosabertos.aneel.gov.br/dataset/sigec-sistema-de-gestao-de-creditos,"O Sistema de Gestão de Créditos (SIGEC) foi desenvolvido em meados de 2005 com a finalidade de viabilizar uma melhor gestão dos créditos arrecadados pela ANEEL, em especial as...",CSV,,
Reclamações no 1° e 2° nível da Distribuidora,https://dadosabertos.aneel.gov.br/dataset/reclamacoes-no-1o-e-2o-niveis-da-distribuidora,"Quantidade de reclamações dos consumidores em relação à distribuidora, por tipologia, no 1o nível e no 2o nível (Ouvidoria) de atendimento de reclamações da distribuidora, de...",CSV,,
Pautas e Atas das Reuniões Publicas da Diretoria,https://dadosabertos.aneel.gov.br/dataset/pautas-e-atas-das-reunioes-publicas-da-diretoria,"A pauta tem a finalidade de comunicar à sociedade os assuntos que serão deliberados pela Diretoria, informando a data, a hora e o local da Reunião Pública.
A ata é o documento...",CSV,,
RALIE – Relatório de Acompanhamento da Expansão da Oferta de Geração de Energ...,https://dadosabertos.aneel.gov.br/dataset/ralie-relatorio-de-acompanhamento-da-expansao-da-oferta-de-geracao-de-energia-eletrica,"O acompanhamento da expansão da oferta de geração de energia elétrica abrange todos os empreendimentos em implantação no território nacional, qualquer que seja a fonte de...",CSV,,
Liberação para operação comercial de empreendimentos de geração,https://dadosabertos.aneel.gov.br/dataset/liberacao-para-operacao-comercial-de-empreendimentos-de-geracao,"Este conjunto de dados reflete a listagem de capacidade instalada liberada para operação comercial.
Estão disponíveis dois arquivos de dados:


o...",CSV,XML,https://dadosabertos.aneel.gov.br/dataset/liberacao-para-operacao-comercial-de-empreendimentos-de-geracao
Tarifas de aplicação das distribuidoras de energia elétrica,https://dadosabertos.aneel.gov.br/dataset/tarifas-distribuidoras-energia-eletrica,"Apresenta os valores das Tarifas de Energia - TE e das Tarifas de Uso do Sistema de Distribuição - TUSD, resultantes dos processos de reajustes tarifários das distribuidoras de...",CSV,XML,https://dadosabertos.aneel.gov.br/dataset/tarifas-distribuidoras-energia-eletrica
SAMP - Sistema de Acompanhamento de Informações de Mercado para Regulação Eco...,https://dadosabertos.aneel.gov.br/dataset/samp,"Informações do mercado de energia elétrica, declaradas pelas concessionárias e permissionárias de distribuição, conforme critérios definidos na RESOLUÇÃO NORMATIVA ANEEL Nº...",CSV,,
SAMP - Balanço,https://dadosabertos.aneel.gov.br/dataset/samp-balanco,"Balanço energético: conjunto de informações da quantidade de energia elétrica, detalhadas pelas disponibilidades e pelos requisitos do mercado de energia elétrica declarados...",CSV,,
Relação de empreendimentos de Mini e Micro Geração Distribuída,https://dadosabertos.aneel.gov.br/dataset/relacao-de-empreendimentos-de-geracao-distribuida,"O presente documento trata de dados referentes aos micro e minigeradores distribuídos às unidades consumidoras com microgeração e minigeração distribuída, abrangidos abrangidas...",CSV,,
Termo de Notificação,https://dadosabertos.aneel.gov.br/dataset/termo-de-notificacao,"Conjunto de dados dos Termos de Notificação resultantes das ações de fiscalização realizadas pela ANEEL e as agências estaduais conveniadas.
Este conjunto de dados é...",CSV,XML,https://dadosabertos.aneel.gov.br/dataset/termo-de-notificacao
Auto de Infração,https://dadosabertos.aneel.gov.br/dataset/auto-de-infracao,"Conjunto de dados dos Autos de Infração resultantes das ações de fiscalização realizadas pela ANEEL e as agências estaduais conveniadas, com a imposição de penas administrativas...",CSV,XML,https://dadosabertos.aneel.gov.br/dataset/auto-de-infracao
Termo de Intimação (TI),https://dadosabertos.aneel.gov.br/dataset/termo-de-intimacao-ti,"Conjunto de dados dos Termos de Intimação resultantes das ações de fiscalização realizadas pela ANEEL e as agências estaduais conveniadas, com a imposição de penas...",CSV,,
Termos de Intimação das Penas dos Editais (TIPE),https://dadosabertos.aneel.gov.br/dataset/termos-de-intimacao-das-penas-dos-editais-tipe,"Os Termos de Intimação são adotados para aplicação de multas previstas nos editais de Leilão para contratação de transmissão e geração de energia elétrica.


Principal: conjunto...",CSV,,
Bandeiras Tarifárias,https://dadosabertos.aneel.gov.br/dataset/bandeiras-tarifarias,"O Brasil é um dos países mais dependentes da energia hidrelétrica do mundo. Cerca de 65% da energia elétrica é produzida em hidrelétricas, o restante provém principalmente de...",CSV,,
Composição Societária - Polímero,https://dadosabertos.aneel.gov.br/dataset/composicao-societaria-polimero,Os agentes do Setor Elétrico devem informar à ANEEL a composição societária de seus empreendimentos por meio do preenchimento dos sistemas disponibilizados pela Agência....,CSV,,
Interrupções de Energia Elétrica nas Redes de Distribuição,https://dadosabertos.aneel.gov.br/dataset/interrupcoes-de-energia-eletrica-nas-redes-de-distribuicao,Dados de todas as interrupções de energia elétrica ocorridas nas redes de distribuição de energia elétrica do país. Não constam as interrupções ocorridas em áreas sob gestão de...,CSV,,
Ocorrências Emergenciais nas Redes de Distribuição,https://dadosabertos.aneel.gov.br/dataset/ocorrencias-emergenciais-nas-redes-de-distribuicao,Dados de todas as ocorrências emergenciais nas redes distribuição de energia elétrica do país. Não constam as ocorrências em áreas sob gestão de permissionárias de serviço...,CSV,,
Indicadores Coletivos de Continuidade (DEC e FEC),https://dadosabertos.aneel.gov.br/dataset/indicadores-coletivos-de-continuidade-dec-e-fec,"O conjunto de dados apresenta os limites e os valores apurados dos indicadores coletivos de continuidade DEC (Duração Equivalente de Interrupção por Unidade Consumidora),...",CSV,,
Atendimento às Ocorrências Emergenciais,https://dadosabertos.aneel.gov.br/dataset/atendimento-ocorrencias-emergenciais,O atendimento às ocorrências emergenciais é avaliado por meio de indicadores vinculados a conjuntos de unidades consumidoras. Esses indicadores são apurados mensalmente pelas...,CSV,,
Indicadores de Conformidade do Nível de Tensão em Regime Permanente,https://dadosabertos.aneel.gov.br/dataset/indicadores-de-conformidade-do-nivel-de-tensao-em-regime-permanente,"Visando manter a qualidade na prestação do serviço público de distribuição de energia elétrica, a ANEEL exige que as concessionárias mantenham um padrão de conformidade da...",CSV,,
INDGER - Indicadores Gerenciais da Distribuição,https://dadosabertos.aneel.gov.br/dataset/indger-indicadores-gerenciais-da-distribuicao,"INDGER - Dados Comerciais
Dados de todas as distribuidoras, relacionados a aspectos comerciais (faturamento, danos elétricos, atendimento).
INDGER - Dados de Serviços Comerciais...",ZIP,CSV,https://dadosabertos.aneel.gov.br/dataset/indger-indicadores-gerenciais-da-distribuicao
Qualidade do Atendimento Comercial,https://dadosabertos.aneel.gov.br/dataset/qualidade-do-atendimento-comercial,Com o objetivo de acompanhar o cumprimento dos prazos de prestação dos serviços estabelecidos nas Regras de Prestação do Serviço Público de Distribuição de Energia Elétrica...,CSV,,
Indqual Inadimplência,https://dadosabertos.aneel.gov.br/dataset/indqual-inadimplencia,Os dados de inadimplência são disponibilizados para permitir a análise do aging list das distribuidoras por classe de consumo em relação à receita faturada além da quantidade de...,CSV,,
Segurança do Trabalho e das Instalações,https://dadosabertos.aneel.gov.br/dataset/seguranca-do-trabalho-e-das-instalacoes,Os indicadores de segurança do trabalho e das instalações sinalizam a preocupação da distribuidora com a qualidade do trabalho desenvolvido pelos seus colaboradores. De certa...,CSV,,
IndQual Município,https://dadosabertos.aneel.gov.br/dataset/indqual-municipio,"No sentido de estabelecer uma base de dados de ligação entre os indicadores de qualidade da ANEEL e os municípios, é disponibilizada a base de dados de municípios contendo a...",CSV,,
Atendimento a pedidos de conexões MMGD - Mini e Microgeração distribuída - pó...,https://dadosabertos.aneel.gov.br/dataset/atendimento-mmgd-mini-e-micro-geracao-distribuida,Trata-se de dados solicitados por meio do OFÍCIO CIRCULAR nº 5/2023- SFE/SRD/SMA/ANEEL (Documento SICnet ANEEL nº 48534.000626/2023-00) com o objetivo de obter informações para...,ZIP,,
Quantidade de usinas termelétricas por tipo,https://dadosabertos.aneel.gov.br/dataset/usinas-termeletricas-por-tipo,A geração é o segmento da indústria de eletricidade responsável por produzir energia elétrica e injetá-la nos sistemas de transporte (transmissão e distribuição) para que chegue...,CSV,,
Capacidade Instalada por Unidade da Federação,https://dadosabertos.aneel.gov.br/dataset/capacidade-instalada-por-unidade-da-federacao,A geração é o segmento da indústria de eletricidade responsável por produzir energia elétrica e injetá-la nos sistemas de transporte (transmissão e distribuição) para que chegue...,CSV,,
Audiências e Consultas Públicas,https://dadosabertos.aneel.gov.br/dataset/audiencias-e-consultas-publicas,"A ANEEL tem se comprometido em fazer com que o seu processo de tomada de decisão seja transparente, permitindo a participação e o controle social, à medida em que aprimora os...",CSV,,
CTR - Curva de Carga,https://dadosabertos.aneel.gov.br/dataset/ctr-curva-de-carga,Dados das curvas de demanda dos consumidores tipo e redes tipo constantes do Sistema CTR.  Esses dados são resultados das campanhas de medidas realizadas pelas distribuidoras...,CSV,,
GCEM - Gestão de Informações de Campos Eletromagnéticos,https://dadosabertos.aneel.gov.br/dataset/gcem-gestao-de-informacoes-de-campos-eletromagneticos,O Gestão de Informações de Campos Elétricos e Magnéticos (GCEM) é um conjunto de diretrizes e informações fornecidas pela Agência Nacional de Energia Elétrica (ANEEL). Ele...,CSV,,
Projetos de Eficiência Energética,https://dadosabertos.aneel.gov.br/dataset/projetos-de-eficiencia-energetica,O Programa de Eficiência Energética tem como objetivo promover o uso eficiente da energia elétrica em todos os setores da economia por meio de projetos que demonstrem a...,CSV,,
Agentes de Geração de Energia Elétrica,https://dadosabertos.aneel.gov.br/dataset/agentes-de-geracao-de-energia-eletrica,"Lista de Agentes de Geração de Energia Elétrica relacionando as Usinas e seus respectivos CEGs, CNPJ e Percentual de Participação por agente na propriedade do empreendimento e o...",CSV,,
SLC - Sistema de Licitações e Contratos,https://dadosabertos.aneel.gov.br/dataset/slc-sistema-de-licitacoes-e-contratos,"Refere-se a todas as contratações realizadas pela ANEEL desde 2004, as quais incluem: contratos, contratos de metas, contratos do credenciamento, Termo de Execução...",CSV,,
BPR - Banco de Preços de Referência (linha de transmissão),https://dadosabertos.aneel.gov.br/dataset/bpr-banco-de-precos-de-referencia-linha-de-transmissao,"O Banco de Preços de Referência da ANEEL é um importante instrumento utilizado no desenvolvimento dos estudos de planejamento e nos processos de autorização, licitação para...",CSV,,
Atos de Outorgas de Geração,https://dadosabertos.aneel.gov.br/dataset/atos-de-outorgas-de-geracao,Contem os documentos emitidos pela ANEEL referentes aos empreendimentos de geração a partir de 2015.,CSV,,
Empreendimento hidrelétrico em estudo,https://dadosabertos.aneel.gov.br/dataset/empreendimento-hidreletrico-em-estudo,Estudo de possíveis empreendimentos hidrelétricos e suas fases de pré-outorga.,CSV,XML,https://dadosabertos.aneel.gov.br/dataset/empreendimento-hidreletrico-em-estudo
FSB - Fiscalização de Segurança de Barragens,https://dadosabertos.aneel.gov.br/dataset/fsb-fiscalizacao-de-seguranca-de-barragens,"A fiscalização de Segurança de Barragens realizada pela ANEEL tem como principal objetivo verificar a conformidade da usina hidrelétrica à legislação vigente do setor elétrico,...",CSV,,
Subsídios Tarifários,https://dadosabertos.aneel.gov.br/dataset/subsidios-tarifarios,"Até o começo da vigência da Lei nº 12.783, de 11 de janeiro de 2013, todos os descontos tarifários, exceto o concedido ao consumidor residencial baixa renda (Tarifa Social de...",CSV,,
BPR - Banco de Preços de Referência (subestação),https://dadosabertos.aneel.gov.br/dataset/bpr-banco-de-precos-de-referencia-subestacao,"O Banco de Preços de Referência da ANEEL é um importante instrumento utilizado no desenvolvimento dos estudos de planejamento e nos processos de autorização, licitação e...",CSV,,
Agentes do Setor Elétrico,https://dadosabertos.aneel.gov.br/dataset/agentes-do-setor-eletrico,"O Cadastro de agentes da ANEEL é um banco de dados oficial, único, atualizado e confiável de informações cadastrais das pessoas, físicas ou jurídicas, de interesse da Agência.
O...",CSV,,
Projetos de P&D em Energia Elétrica,https://dadosabertos.aneel.gov.br/dataset/projetos-de-p-d-em-energia-eletrica,"O Programa de P&D tem como objetivo alocar adequadamente recursos humanos e financeiros em projetos que demonstrem a originalidade, aplicabilidade, relevância e a...",CSV,,
Resultado de leilões de geração e transmissão de energia elétrica,https://dadosabertos.aneel.gov.br/dataset/resultado-de-leiloes,"A Constituição Federal de 1988, em seu artigo 175, determina que a prestação de serviços públicos seja atribuída a concessionários e/ou permissionários sempre mediante...",CSV,,
Conta Desenvolvimento Energético (CDE) - Custeio dos Benefícios Tarifários,https://dadosabertos.aneel.gov.br/dataset/conta-desenvolvimento-energetico-cde-custeio-dos-beneficios-tarifarios,"O Decreto nº 9.022, de 31 de março de 2017, consolidou e atualizou as normas relacionadas à Conta de Desenvolvimento Energético – CDE. Dentre os pontos tratados pelo Decreto,...",CSV,,
Reuniões Públicas da Diretoria,https://dadosabertos.aneel.gov.br/dataset/reunioes-publicas-da-diretoria,"Armazena a quantidade de reuniões ordinárias e extraordinárias por período.
As Reuniões Públicas Ordinárias (RPO) da Diretoria são semanais e as Reuniões Públicas...",CSV,XML,https://dadosabertos.aneel.gov.br/dataset/reunioes-publicas-da-diretoria
SCS - Sistema de Controle de Subvenções e Programas Sociais,https://dadosabertos.aneel.gov.br/dataset/scs-sistema-de-controle-de-subvencoes-e-programas-sociais,As distribuidoras de energia elétrica devem mensalmente encaminhar relatório solicitando a aprovação dos valores de Diferença Mensal de Receita - DMR referentes aos descontos na...,CSV,,
Quantidade de empreendimentos de geração de energia em operação,https://dadosabertos.aneel.gov.br/dataset/empreendimentos-em-operacao,A geração é o segmento da indústria de eletricidade responsável por produzir energia elétrica e injetá-la nos sistemas de transporte (transmissão e distribuição) para que chegue...,CSV,,
Beneficiários da Conta de Desenvolvimento Energético - CDE,https://dadosabertos.aneel.gov.br/dataset/beneficiarios-da-cde,"Atenção:   
Estas informações estão sujeitas a alterações a qualquer momento devido a retificações enviadas pelas distribuidoras.
O Decreto nº 9.022, de 31 de março de 2017,...",CSV,ZIP,https://dadosabertos.aneel.gov.br/dataset/beneficiarios-da-cde
Índice ANEEL de Satisfação do Consumidor (IASC),https://dadosabertos.aneel.gov.br/dataset/indice-aneel-de-satisfacao-do-consumidor-iasc,O Índice ANEEL de satisfação do Consumidor é um indicador que permite avaliar o grau de satisfação do consumidor residencial com relação aos serviços prestados pelas...,CSV,,
Acréscimo anual da potência instalada,https://dadosabertos.aneel.gov.br/dataset/acrescimo-da-potencia-instalada,A geração é o segmento da indústria de eletricidade responsável por produzir energia elétrica e injetá-la nos sistemas de transporte (transmissão e distribuição) para que chegue...,CSV,,
Tarifa Social de Energia Elétrica – Beneficiários (descontinuado),https://dadosabertos.aneel.gov.br/dataset/tarifa-social-de-energia-eletrica-beneficiarios,"Conjunto de dados substituído pelo 
Histórico da quantidade de Unidades Consumidoras e Residencial Baixa-Renda dos...",CSV,XML,https://dadosabertos.aneel.gov.br/dataset/tarifa-social-de-energia-eletrica-beneficiarios
"Projetos Res n° 316/2008, 219/2006 e anteriores (descontinuado)",https://dadosabertos.aneel.gov.br/dataset/projetos-res-n-316-2008-219-2006-e-anteriores,"Dados históricos de projetos por ciclos anuais, expresso em quantidades e valores, de 1999 até 2007.",CSV,XML,https://dadosabertos.aneel.gov.br/dataset/projetos-res-n-316-2008-219-2006-e-anteriores
Fiscalizaçao da Transmissão e Distribuição (descontinuado),https://dadosabertos.aneel.gov.br/dataset/transmissao-e-distribuicao,"Para dados a partir de 2018, buscar Termo de Notificação e Auto de Infração 
Histórico dos totais de quantidades de fiscalização da transmissão e distribuição realizadas pela...",CSV,XML,https://dadosabertos.aneel.gov.br/dataset/transmissao-e-distribuicao
Fiscalização da Geração (descontinuado),https://dadosabertos.aneel.gov.br/dataset/geracao,"Para dados a partir de 2018, buscar Termo de Notificação e Auto de Infração 
Histórico dos totais de quantidades de fiscalização da geração realizadas pela ANEEL de 2012 a 2018.",CSV,XML,https://dadosabertos.aneel.gov.br/dataset/geracao
Fiscalização Econômica e Financeira (descontinuado),https://dadosabertos.aneel.gov.br/dataset/fiscalizacao-economica-e-financeira,"Para dados a partir de 2018, buscar Termo de Notificação e Auto de Infração 
Histórico dos totais de quantidades de fiscalização econômica e financeira realizadas pela ANEEL de...",CSV,XML,https://dadosabertos.aneel.gov.br/dataset/fiscalizacao-economica-e-financeira
Compensação Financeira / Royalties,https://dadosabertos.aneel.gov.br/dataset/compensacao-financeira-royalties,"Histórico de valores apurados em Reais dos percentuais definidos por lei para compensação financeira aos Estados, Municípios e outras entidades relativos à utilização de...",CSV,XML,https://dadosabertos.aneel.gov.br/dataset/compensacao-financeira-royalties
Projetos de P&D – temas estratégicos (descontinuado),https://dadosabertos.aneel.gov.br/dataset/projetos-de-p-d-temas-estrategicos,"Substituído pelo conjunto de dados Projetos de P&D em Energia Elétrica
Projetos de temas estratégicos publicados a partir da Res. Normativa ANEEL nº 316/2008.",CSV,XML,https://dadosabertos.aneel.gov.br/dataset/projetos-de-p-d-temas-estrategicos
"Projetos, Retornos e Investimentos (descontinuado)",https://dadosabertos.aneel.gov.br/dataset/projetos-retornos-e-investimentos,"Substituído pelo conjunto de dados Projetos de Eficiência Energética.
Série histórica de Indicadores Quantitativos de projetos, demanda retirada de ponta em MW, Economias e outros",CSV,XML,https://dadosabertos.aneel.gov.br/dataset/projetos-retornos-e-investimentos
Projetos por tipologia (descontinuado),https://dadosabertos.aneel.gov.br/dataset/projetos-por-tipologia,"Substituído pelo conjunto de dados Projetos de Eficiência Energética.
Quantidade acumulada de projetos, valores de demanda de retirada de ponta em MW, Economias e Investimentos.",CSV,XML,https://dadosabertos.aneel.gov.br/dataset/projetos-por-tipologia
Desempenho das concessionárias de transmissão,https://dadosabertos.aneel.gov.br/dataset/desempenho-das-concessionarias-de-transmissao,"Valores deduzidos das receitas das concessionárias em Reais, em virtude de indisponibilidade por desligamentos intempestivos.",CSV,XML,https://dadosabertos.aneel.gov.br/dataset/desempenho-das-concessionarias-de-transmissao