distributor,id,name,manufacturer,model,sku,category,type,price_brl,power_kw,power_w,voltage_v,current_a,efficiency_percent,certifications,currency,description,height_mm,image_url,length_mm,price_per_unit,stock_available,stock_quantity,tags,voltage_range,warranty_years,weight_kg,width_mm
Fortlev,fortlev_structures_IEF00243,"PERFIL SUPORTE SMART 2,70M",Unknown,,,structures,,,,,,,,,BRL,"PERFIL SUPORTE SMART 2,70M",,,,,,,,,,,
Fortlev,fortlev_structures_IEF00302,"PERF ACAB US75X51X225 1,70MM S400GD ZM310 - ST1 -",Unknown,,,structures,,,,,,,,,BRL,"PERF ACAB US75X51X225 1,70MM S400GD ZM310 - ST1 -",,,,,,,,,,,
Fortlev,fortlev_structures_IEF00221,"TESOURA 3300MM ESP 1,95 - FLS",Fls,,,structures,,,,,,,,,BRL,"TESOURA 3300MM ESP 1,95 - FLS",,,,,,,,,,,
Fortlev,fortlev_structures_IEF00220,"PILAR 2425MM ESP 1,95 - FLS",Fls,,,structures,,,,,,,,,BRL,"PILAR 2425MM ESP 1,95 - FLS",,,,,,,,,,,
Fortlev,fortlev_structures_IEF00242,"TESOURA 3700MM ESP 1,25 - FLS",Fls,,,structures,,,,,,,,,BRL,"TESOURA 3700MM ESP 1,25 - FLS",,,,,,,,,,,
Fortlev,fortlev_structures_ILS00026,"PERFIL Z - TERCA 4580MM ESP 1,2 - FLS",Fls,,,structures,,,,,,,,,BRL,"PERFIL Z - TERCA 4580MM ESP 1,2 - FLS",,,,,,,,,,,
Fortlev,fortlev_structures_IEF00238,GRAMPO DE ATERRAMENTO FLS,Fls,,,structures,,,,,,,,,BRL,GRAMPO DE ATERRAMENTO FLS,,,,,,,,,,,
Fortlev,fortlev_structures_ILS00025,"PERFIL Z - TERCA 2290MM ESP 1,2 - FLS",Fls,,,structures,,,,,,,,,BRL,"PERFIL Z - TERCA 2290MM ESP 1,2 - FLS",,,,,,,,,,,
Fortlev,fortlev_structures_ILS00024,"PERFIL Z - TERCA 3430MM ESP 1,2 - FLS",Fls,,,structures,,,,,,,,,BRL,"PERFIL Z - TERCA 3430MM ESP 1,2 - FLS",,,,,,,,,,,
Fortlev,fortlev_structures_IEF00216,"TERCA 3100MM ESP 1,25 - FLS",Fls,,,structures,,,,,,,,,BRL,"TERCA 3100MM ESP 1,25 - FLS",,,,,,,,,,,
Fortlev,fortlev_structures_IEF00207,"PERFIL PLANO SMART 2,40",Unknown,,,structures,,,,,,,,,BRL,"PERFIL PLANO SMART 2,40",,,,,,,,,,,
Fortlev,fortlev_structures_IEF00208,"PERFIL REFORCADO SMART 2,40",Unknown,,,structures,,,,,,,,,BRL,"PERFIL REFORCADO SMART 2,40",,,,,,,,,,,
Fortlev,fortlev_structures_ILS00019,LASTRO SOLAR PE V2 (FIXO 15 GRAUS),Unknown,,,structures,,,,,,,,,BRL,LASTRO SOLAR PE V2 (FIXO 15 GRAUS),,,,,,,,,,,
Fortlev,fortlev_structures_ILS00017,"PERFIL Z - TERCA 4580MM ESP 1,2",Unknown,,,structures,,,,,,,,,BRL,"PERFIL Z - TERCA 4580MM ESP 1,2",,,,,,,,,,,
Fortlev,fortlev_structures_IEF00177,"MAO FRANCESA 1750 MM 1,95 ESP 38,10 D",Unknown,,,structures,,,,,,,,,BRL,"MAO FRANCESA 1750 MM 1,95 ESP 38,10 D",,,,,,,,,,,
Fortlev,fortlev_structures_IEF00204,"PERFIL SUPORTE SMART 4,8M",Unknown,,,structures,,,,,,,,,BRL,"PERFIL SUPORTE SMART 4,8M",,,,,,,,,,,
Fortlev,fortlev_structures_IEF00203,"PERFIL SUPORTE SMART 2,40M",Unknown,,,structures,,,,,,,,,BRL,"PERFIL SUPORTE SMART 2,40M",,,,,,,,,,,
Fortlev,fortlev_structures_ILS00010,GRAMPO INTERMEDIÁRIO GALVANIZADO,Unknown,,,structures,,,,,,,,,BRL,GRAMPO INTERMEDIÁRIO GALVANIZADO,,,,,,,,,,,
Fortlev,fortlev_structures_ILS00008,PARAFUSO SEXTAVADO M6X12 INOX,Unknown,,,structures,,,,,,,,,BRL,PARAFUSO SEXTAVADO M6X12 INOX,,,,,,,,,,,
Fortlev,fortlev_structures_ILS00007,PORCA SX  M6 INOX,Unknown,,,structures,,,,,,,,,BRL,PORCA SX  M6 INOX,,,,,,,,,,,
Fortlev,fortlev_structures_ILS00006,PARAFUSO SEXTAVADO M6X45 INOX,Unknown,,,structures,,,,,,,,,BRL,PARAFUSO SEXTAVADO M6X45 INOX,,,,,,,,,,,
Fortlev,fortlev_structures_ILS00004,TUBETE PERFIL 29X9DX1P,Unknown,,,structures,,,,,,,,,BRL,TUBETE PERFIL 29X9DX1P,,,,,,,,,,,
Fortlev,fortlev_structures_ILS00003,"LUVA P/ PERFIL Z 340MM ESP 1,2",Unknown,,,structures,,,,,,,,,BRL,"LUVA P/ PERFIL Z 340MM ESP 1,2",,,,,,,,,,,
Fortlev,fortlev_structures_IEF00009,JUNCAO U DO PERFIL,Unknown,,,structures,,,,,,,,,BRL,JUNCAO U DO PERFIL,,,,,,,,,,,
Fortlev,fortlev_structures_IEF00073,PARAFUSO SEXTAVADO M6X50,Unknown,,,structures,,,,,,,,,BRL,PARAFUSO SEXTAVADO M6X50,,,,,,,,,,,
Fortlev,fortlev_structures_IEF00023,"ESPUMA EPDM ADESIVA 30X2 MM 2,5M",Unknown,,,structures,,,,,,,,,BRL,"ESPUMA EPDM ADESIVA 30X2 MM 2,5M",,,,,,,,,,,
Fortlev,fortlev_structures_IEF00040,PARAFUSO MARTELO M10X30,Unknown,,,structures,,,,,,,,,BRL,PARAFUSO MARTELO M10X30,,,,,,,,,,,
Fortlev,fortlev_structures_IEF00076,ACESSORIO PROLONGADOR DO GANCHO,Unknown,,,structures,,,,,,,,,BRL,ACESSORIO PROLONGADOR DO GANCHO,,,,,,,,,,,
Fortlev,fortlev_structures_IEF00173,PARAFUSO PRISIONEIRO M10X250 P. BROCA (FIBROMETAL),Unknown,,,structures,,,,,,,,,BRL,PARAFUSO PRISIONEIRO M10X250 P. BROCA (FIBROMETAL),,,,,,,,,,,
Fortlev,fortlev_structures_IEF00046,PARAFUSO PRISIONEIRO M10X300 (FIBROMADEIRA),Unknown,,,structures,,,,,,,,,BRL,PARAFUSO PRISIONEIRO M10X300 (FIBROMADEIRA),,,,,,,,,,,
Fortlev,fortlev_structures_IEF00045,PARAFUSO PRISIONEIRO M10X200 (FIBROMADEIRA),Unknown,,,structures,,,,,,,,,BRL,PARAFUSO PRISIONEIRO M10X200 (FIBROMADEIRA),,,,,,,,,,,
Fortlev,fortlev_structures_IEF00044,"PARAFUSO AUTOBROCANTE M5,5X25MM",Unknown,,,structures,,,,,,,,,BRL,"PARAFUSO AUTOBROCANTE M5,5X25MM",,,,,,,,,,,
Fortlev,fortlev_structures_IEF00016,GANCHO TELHA CERAMICA,Unknown,,,structures,,,,,,,,,BRL,GANCHO TELHA CERAMICA,,,,,,,,,,,
Fortlev,fortlev_structures_IEF00154,SUPORTE ZIPADO,Unknown,,,structures,,,,,,,,,BRL,SUPORTE ZIPADO,,,,,,,,,,,
Fortlev,fortlev_structures_IEF00144,SUPORTE SHINGLE,Unknown,,,structures,,,,,,,,,BRL,SUPORTE SHINGLE,,,,,,,,,,,
Fortlev,fortlev_structures_IEF00133,TRIANGULO SMART,Unknown,,,structures,,,,,,,,,BRL,TRIANGULO SMART,,,,,,,,,,,
Fortlev,fortlev_structures_IEF00132,GRAMPO TERMINAL SMART,Unknown,,,structures,,,,,,,,,BRL,GRAMPO TERMINAL SMART,,,,,,,,,,,
Fortlev,fortlev_structures_IEF00131,GRAMPO INTERMEDIARIO SMART,Unknown,,,structures,,,,,,,,,BRL,GRAMPO INTERMEDIARIO SMART,,,,,,,,,,,
Fortlev,fortlev_structures_IEF00143,"PERFIL SUPORTE SMART 2,10M",Unknown,,,structures,,,,,,,,,BRL,"PERFIL SUPORTE SMART 2,10M",,,,,,,,,,,
Fortlev,fortlev_structures_IEF00129,"PERFIL PLANO SMART 0,50M",Unknown,,,structures,,,,,,,,,BRL,"PERFIL PLANO SMART 0,50M",,,,,,,,,,,
Fortlev,fortlev_structures_IEF00127,"PERFIL SUPORTE SMART 4,20M",Unknown,,,structures,,,,,,,,,BRL,"PERFIL SUPORTE SMART 4,20M",,,,,,,,,,,
Fortlev,fortlev_structures_IEF00163,"MAO FRANCESA 1250 MM 1,95 ESP 44,45 D",Unknown,,,structures,,,,,,,,,BRL,"MAO FRANCESA 1250 MM 1,95 ESP 44,45 D",,,,,,,,,,,
Fortlev,fortlev_structures_IEF00162,"REFORCO 3335MM ESP 1,25",Unknown,,,structures,,,,,,,,,BRL,"REFORCO 3335MM ESP 1,25",,,,,,,,,,,
Fortlev,fortlev_structures_IEF00100,ARRUELA DIN125 M10 GEOMET,Unknown,,,structures,,,,,,,,,BRL,ARRUELA DIN125 M10 GEOMET,,,,,,,,,,,
Fortlev,fortlev_structures_IEF00099,PORCA SX DIN934 M10 GEOMET,Unknown,,,structures,,,,,,,,,BRL,PORCA SX DIN934 M10 GEOMET,,,,,,,,,,,
Fortlev,fortlev_structures_IEF00098,PARAFUSO SEXTAVADO DIN933 M10X25 GEOMET,Unknown,,,structures,,,,,,,,,BRL,PARAFUSO SEXTAVADO DIN933 M10X25 GEOMET,,,,,,,,,,,
Fortlev,fortlev_structures_IEF00096,CHAPA CANTONEIRA TERCA,Unknown,,,structures,,,,,,,,,BRL,CHAPA CANTONEIRA TERCA,,,,,,,,,,,
Fortlev,fortlev_structures_IEF00091,REFORCO CONTRAVENTO 2418MM,Unknown,,,structures,,,,,,,,,BRL,REFORCO CONTRAVENTO 2418MM,,,,,,,,,,,
Fortlev,fortlev_structures_IEF00090,TERCA 4240MM,Unknown,,,structures,,,,,,,,,BRL,TERCA 4240MM,,,,,,,,,,,
Fortlev,fortlev_structures_ILS00009,ARRUELA M6 INOX,Unknown,,,structures,,,,,,,,,BRL,ARRUELA M6 INOX,,,,,,,,,,,
Fortlev,fortlev_structures_IEF00168,GRAMPO MODULO SOLO - BAIXO,Unknown,,,structures,,,,,,,,,BRL,GRAMPO MODULO SOLO - BAIXO,,,,,,,,,,,
Fortlev,fortlev_structures_IEF00172,"MAO FRANCESA 1750 MM 1,95 ESP",Unknown,,,structures,,,,,,,,,BRL,"MAO FRANCESA 1750 MM 1,95 ESP",,,,,,,,,,,
Fortlev,fortlev_structures_IEF00167,PORCA SEXT FLANG M8,Unknown,,,structures,,,,,,,,,BRL,PORCA SEXT FLANG M8,,,,,,,,,,,
Fortlev,fortlev_structures_IEF00166,PARAFUSO MARTELO M8X20,Unknown,,,structures,,,,,,,,,BRL,PARAFUSO MARTELO M8X20,,,,,,,,,,,
Solfacil,solfacil_structures_1,ESTRUTURA DE LAJE PARA 2 MODULOS - 2P,SOLFACIL,,,structures,,,,,,,,,BRL,ESTRUTURA DE LAJE PARA 2 MODULOS - 2P,,,,,,,,,,,
Solfacil,solfacil_structures_2,ESTRUTURA METALICA - LAJE 4 MODULOS RETRADO 1134X2278 - PERFIS - POLIMAX,SOLFACIL,,,structures,,,,,,,,,BRL,ESTRUTURA METALICA - LAJE 4 MODULOS RETRADO 1134X2278 - PERFIS - POLIMAX,,,,,,,,,,,
Solfacil,solfacil_structures_3,"ESTRUTURA DE LAJE PARA 4 MODULOS - GR30/35 ""J"" - 2P",SOLFACIL,,,structures,,,,,,,,,BRL,"ESTRUTURA DE LAJE PARA 4 MODULOS - GR30/35 ""J"" - 2P",,,,,,,,,,,
Solfacil,solfacil_structures_4,ESTRUTURA METALICA - SOLO MONOPOSTE LIGHT 6 MODULOS - PERFIS - POLIMAX,SOLFACIL,,,structures,,,,,,,,,BRL,ESTRUTURA METALICA - SOLO MONOPOSTE LIGHT 6 MODULOS - PERFIS - POLIMAX,,,,,,,,,,,
Odex,odex_inverters_ODEX-ESTRUTURA-SOLARGROUP-FIBROCIMENTO,Estrutura Solar Group Fibrocimento Grande,Solar Group,,,structures,,,,,,,,,BRL,Estrutura Solar Group Fibrocimento Grande,,,,,,,,,,,
Odex,odex_inverters_ODEX-ESTRUTURA-SOLARGROUP-FIBROCIMENTO-1,Estrutura Solar Group Fibrocimento Pequeno,Solar Group,,,structures,,,,,,,,,BRL,Estrutura Solar Group Fibrocimento Pequeno,,,,,,,,,,,
Odex,odex_inverters_ODEX-ESTRUTURA-SOLARGROUP-COLONIAL,Estrutura Solar Group Colonial Cerâmico,Solar Group,,,structures,,,,,,,,,BRL,Estrutura Solar Group Colonial Cerâmico,,,,,,,,,,,
Odex,odex_inverters_ODEX-ESTRUTURA-SOLARGROUP-METALICO,Estrutura Solar Group Metálico Trapezoidal,Solar Group,,,structures,,,,,,,,,BRL,Estrutura Solar Group Metálico Trapezoidal,,,,,,,,,,,
Odex,odex_inverters_ODEX-ESTRUTURA-SOLARGROUP-SOLO,Estrutura Solar Group Solo Fixo,Solar Group,,,structures,,,,,,,,,BRL,Estrutura Solar Group Solo Fixo,,,,,,,,,,,
Odex,odex_inverters_ODEX-ESTRUTURA-SOLARGROUP-SOLO-1,Estrutura Solar Group Solo Rastreador 1 Eixo,Solar Group,,,structures,,,,,,,,,BRL,Estrutura Solar Group Solo Rastreador 1 Eixo,,,,,,,,,,,
Odex,odex_inverters_ODEX-ESTRUTURA-ROMAGNOLE-FIBROCIMENTO,Estrutura Romagnole Fibrocimento RF-55,Romagnole,,,structures,,,,,,,,,BRL,Estrutura Romagnole Fibrocimento RF-55,,,,,,,,,,,
Odex,odex_inverters_ODEX-ESTRUTURA-ROMAGNOLE-COLONIAL,Estrutura Romagnole Colonial Cerâmico RC-66,Romagnole,,,structures,,,,,,,,,BRL,Estrutura Romagnole Colonial Cerâmico RC-66,,,,,,,,,,,
Odex,odex_inverters_ODEX-ESTRUTURA-ROMAGNOLE-METALICO,Estrutura Romagnole Metálico Trapezoidal RM-40,Romagnole,,,structures,,,,,,,,,BRL,Estrutura Romagnole Metálico Trapezoidal RM-40,,,,,,,,,,,
Odex,odex_inverters_ODEX-ESTRUTURA-ROMAGNOLE-LAJE,Estrutura Romagnole Laje Inclinada RL-30,Romagnole,,,structures,,,,,,,,,BRL,Estrutura Romagnole Laje Inclinada RL-30,,,,,,,,,,,
Odex,odex_inverters_ODEX-ESTRUTURA-ROMAGNOLE-SOLO,Estrutura Romagnole Solo Fixo RS-1500,Romagnole,,,structures,,,,,,,,,BRL,Estrutura Romagnole Solo Fixo RS-1500,,,,,,,,,,,
Odex,odex_inverters_ODEX-ESTRUTURA-PRATYC-FIBROCIMENTO,Estrutura Pratyc Fibrocimento Grande PRF-60,Pratyc,,,structures,,,,,,,,,BRL,Estrutura Pratyc Fibrocimento Grande PRF-60,,,,,,,,,,,
Odex,odex_inverters_ODEX-ESTRUTURA-PRATYC-COLONIAL,Estrutura Pratyc Colonial Cerâmico PRC-70,Pratyc,,,structures,,,,,,,,,BRL,Estrutura Pratyc Colonial Cerâmico PRC-70,,,,,,,,,,,
Odex,odex_inverters_ODEX-ESTRUTURA-PRATYC-METALICO,Estrutura Pratyc Metálico Trapezoidal PRM-45,Pratyc,,,structures,,,,,,,,,BRL,Estrutura Pratyc Metálico Trapezoidal PRM-45,,,,,,,,,,,
Odex,odex_inverters_ODEX-ESTRUTURA-PRATYC-LAJE,Estrutura Pratyc Laje Plana PRL-25,Pratyc,,,structures,,,,,,,,,BRL,Estrutura Pratyc Laje Plana PRL-25,,,,,,,,,,,
Odex,odex_inverters_ODEX-ESTRUTURA-PRATYC-SOLO,Estrutura Pratyc Solo Fixo PRS-1600,Pratyc,,,structures,,,,,,,,,BRL,Estrutura Pratyc Solo Fixo PRS-1600,,,,,,,,,,,
Odex,odex_inverters_ODEX-ESTRUTURA-K2SYSTEMS-FIBROCIMENTO,Estrutura K2 Systems SingleRail Fibrocimento,K2 Systems,,,structures,,,,,,,,,BRL,Estrutura K2 Systems SingleRail Fibrocimento,,,,,,,,,,,
Odex,odex_inverters_ODEX-ESTRUTURA-K2SYSTEMS-COLONIAL,Estrutura K2 Systems SingleRail Colonial,K2 Systems,,,structures,,,,,,,,,BRL,Estrutura K2 Systems SingleRail Colonial,,,,,,,,,,,
Odex,odex_inverters_ODEX-ESTRUTURA-K2SYSTEMS-METALICO,Estrutura K2 Systems SingleRail Metálico,K2 Systems,,,structures,,,,,,,,,BRL,Estrutura K2 Systems SingleRail Metálico,,,,,,,,,,,
Odex,odex_inverters_ODEX-ESTRUTURA-K2SYSTEMS-SOLO,Estrutura K2 Systems CrossRail Solo Fixo,K2 Systems,,,structures,,,,,,,,,BRL,Estrutura K2 Systems CrossRail Solo Fixo,,,,,,,,,,,
Odex,odex_inverters_ODEX-ESTRUTURA-K2SYSTEMS-LAJE,Estrutura K2 Systems MiniRail Laje,K2 Systems,,,structures,,,,,,,,,BRL,Estrutura K2 Systems MiniRail Laje,,,,,,,,,,,
Odex,odex_inverters_ODEX-ESTRUTURA-K2SYSTEMS-METALICO-1,Estrutura K2 Systems BaseRail Plus Universal,K2 Systems,,,structures,,,,,,,,,BRL,Estrutura K2 Systems BaseRail Plus Universal,,,,,,,,,,,
Odex,odex_inverters_ODEX-ESTRUTURA-K2SYSTEMS-SOLO-1,Estrutura K2 Systems Dome 6° Solo,K2 Systems,,,structures,,,,,,,,,BRL,Estrutura K2 Systems Dome 6° Solo,,,,,,,,,,,
Odex,odex_inverters_ODEX-ESTRUTURA-K2SYSTEMS-SOLO-2,Estrutura K2 Systems Dome 10° Solo,K2 Systems,,,structures,,,,,,,,,BRL,Estrutura K2 Systems Dome 10° Solo,,,,,,,,,,,
Odex,odex_inverters_ODEX-ESTRUTURA-K2SYSTEMS-SOLO-3,Estrutura K2 Systems D-Dome 6° Solo,K2 Systems,,,structures,,,,,,,,,BRL,Estrutura K2 Systems D-Dome 6° Solo,,,,,,,,,,,
Odex,odex_inverters_ODEX-ESTRUTURA-K2SYSTEMS-SOLO-4,Estrutura K2 Systems Solo Rastreador XL,K2 Systems,,,structures,,,,,,,,,BRL,Estrutura K2 Systems Solo Rastreador XL,,,,,,,,,,,
