"/div.col.product-box.tablescraper-selected-row/div.box-inner/div.product-image.position-relative.photoshow__thumbnail--viewed/div.image-inner.position-relative.overflow-hidden/a.d-block href","/div.col.product-box.tablescraper-selected-row/div.box-inner/div.product-image.position-relative.photoshow__thumbnail--viewed/div.image-inner.position-relative.overflow-hidden/a.d-block/image-srcset.res-image/img.lazyShow.res-img-loaded src","/div.col.product-box.tablescraper-selected-row/div.box-inner/div.product-image.position-relative.photoshow__thumbnail--viewed/div.image-inner.position-relative.overflow-hidden/a.d-block/image-srcset.res-image/img.hongo-alternate-image.lazyShow.res-img-loaded src","/div.col.product-box.tablescraper-selected-row/div.box-inner/div.product-footer/a.product-title.alt-font","/div.col.product-box.tablescraper-selected-row/div.box-inner/div.product-footer/a.product-title.alt-font href","/div.col.product-box.tablescraper-selected-row/div.box-inner/div.product-footer/div.price-box.justify-content-center.alt-font/div.price-wrapper/div.price__pix/span.price-item.price-item--regular","/div.col.product-box.tablescraper-selected-row/div.box-inner/div.product-footer/div.price-box.justify-content-center.alt-font/div.price-wrapper/div.price__pix/small.pix-label"
"https://www.meugerador.com.br/collections/kits-solar-ongrid/products/kit-energia-solar-ongrid-250kwh-mes-1-86kwp-3-painel-sunova-620w-microinversor-saj-2-25kw-220v-4mppt","https://www.meugerador.com.br/cdn/shop/files/Kit_Energia_Solar_Ongrid_Painel_Sunova_620W_black_MicroInversor_Saj_2_25kw.png?v=1758821810&width=535","https://www.meugerador.com.br/cdn/shop/files/fa6951cb6d129981aef93960bced186c_fb0eb852-7916-4ff7-b65b-5bb5989a655f.png?v=1758804412&width=535","Kit Energia Solar Ongrid 250kWh Mês 1,86kWp 3 Painel Sunova 620W MicroInversor SAJ 2,25kW 220V 4MPPT","https://www.meugerador.com.br/collections/kits-solar-ongrid/products/kit-energia-solar-ongrid-250kwh-mes-1-86kwp-3-painel-sunova-620w-microinversor-saj-2-25kw-220v-4mppt","R$ 3.323,29","À vista no PIX com 15% OFF"
"https://www.meugerador.com.br/collections/kits-solar-ongrid/products/kit-energia-solar-ongrid-250kwh-mes-1-86kwp-3-painel-sunova-620w-microinversor-deye-2-25kw-220v-4mppt","https://www.meugerador.com.br/cdn/shop/files/Kit_Energia_Solar_Ongrid_Painel_Sunova_620W_black_MicroInversor_Deye_2_25kw.png?v=1758749938&width=535","https://www.meugerador.com.br/cdn/shop/files/MICROINVERSOR_SOLAR_DEYE_2_25KW_TRASEIRA.png?v=1758747310&width=535","Kit Energia Solar Ongrid 250kWh Mês 1,86kWp 3 Painel Sunova 620W MicroInversor Deye 2,25kW 220V 4MPPT","https://www.meugerador.com.br/collections/kits-solar-ongrid/products/kit-energia-solar-ongrid-250kwh-mes-1-86kwp-3-painel-sunova-620w-microinversor-deye-2-25kw-220v-4mppt","R$ 3.403,19","À vista no PIX com 15% OFF"
"https://www.meugerador.com.br/collections/kits-solar-ongrid/products/kit-energia-solar-ongrid-250kwh-mes-1-86kwp-3-painel-sunova-620w-micro-growatt-2-25kw-220v-4mppt","https://www.meugerador.com.br/cdn/shop/files/Kit_Energia_Solar_Ongrid_Painel_Sunova_620W_black_MicroInversor_Growatt_2_25kw.png?v=1758662894&width=535","https://www.meugerador.com.br/cdn/shop/files/MICROINVERSOR_SOLAR_GROWATT_2_25KW_X2_FUNDO_TRASEIRA_TRANSPARENTE.png?v=1758712379&width=535","Kit Energia Solar Ongrid 250kWh Mês 1,86kWp 3 Painel Sunova 620W Micro Growatt 2,25kW 220V 4MPPT","https://www.meugerador.com.br/collections/kits-solar-ongrid/products/kit-energia-solar-ongrid-250kwh-mes-1-86kwp-3-painel-sunova-620w-micro-growatt-2-25kw-220v-4mppt","R$ 3.438,53","À vista no PIX com 15% OFF"
"https://www.meugerador.com.br/collections/kits-solar-ongrid/products/kit-energia-solar-ongrid-250kwh-mes-1-86kwp-3-painel-sunova-620w-inversor-growatt-3kw-x2-220v-1mppt","https://www.meugerador.com.br/cdn/shop/files/Kit_Energia_Solar_Ongrid_Painel_Sunova_620W_black_Inversor_Growatt_MIC_X2_0347992b-b9e0-4b5e-8e6c-d4feb36c4ad0.png?v=1758908123&width=535","https://www.meugerador.com.br/cdn/shop/files/INVERSOR_SOLAR_ONGRID_GROWATT_MIN_5-6KW_X2_V2.png?v=1758906312&width=535","Kit Energia Solar Ongrid 250kWh Mês 1,86kWp 3 Painel Sunova 620W Inversor Growatt 3kW X2 220V 1MPPT","https://www.meugerador.com.br/collections/kits-solar-ongrid/products/kit-energia-solar-ongrid-250kwh-mes-1-86kwp-3-painel-sunova-620w-inversor-growatt-3kw-x2-220v-1mppt","R$ 3.950,88","À vista no PIX com 15% OFF"
"","","","Kit Energia Solar Ongrid 300kWh Mês 2,48kWp 4 Painel Sunova 620W MicroInversor SAJ 2,25kW 220V 4MPPT","https://www.meugerador.com.br/collections/kits-solar-ongrid/products/kit-energia-solar-ongrid-300kwh-mes-2-48kwp-4-painel-sunova-620w-microinversor-saj-2-25kw-220v-4mppt","R$ 3.978,03","À vista no PIX com 15% OFF"
"","","","Kit Energia Solar Ongrid 300kWh Mês 2,48kWp 4 Painel Sunova 620W MicroInversor Deye 2,25kW 220V 4MPPT","https://www.meugerador.com.br/collections/kits-solar-ongrid/products/kit-energia-solar-ongrid-300kwh-mes-2-48kwp-4-painel-sunova-620w-microinversor-deye-2-25kw-220v-4mppt","R$ 4.057,92","À vista no PIX com 15% OFF"
"","","","Kit Energia Solar Ongrid 300kWh Mês 2,48kWp 4 Painel Sunova 620W Micro Growatt 2,25kW 220V 4MPPT","https://www.meugerador.com.br/collections/kits-solar-ongrid/products/kit-energia-solar-ongrid-300kwh-mes-2-48kwp-4-painel-sunova-620w-micro-growatt-2-25kw-220v-4mppt","R$ 4.093,27","À vista no PIX com 15% OFF"
"","","","Kit Energia Solar Ongrid 300kWh Mês 2,48kWp 4 Painel Sunova 620W Inversor Growatt 3kW X2 220V 1MPPT","https://www.meugerador.com.br/collections/kits-solar-ongrid/products/kit-energia-solar-ongrid-300kwh-mes-2-48kwp-4-painel-sunova-620w-inversor-growatt-3kw-x2-220v-1mppt","R$ 4.583,24","À vista no PIX com 15% OFF"
"","","","Kit Energia Solar Ongrid 400kWh Mês 3,10kWp 5 Painel Sunova 620W Inversor Growatt 3kW X2 220V 1MPPT","https://www.meugerador.com.br/collections/kits-solar-ongrid/products/kit-energia-solar-ongrid-400kwh-mes-3-10kwp-5-painel-sunova-620w-inversor-growatt-3kw-x2-220v-1mppt","R$ 4.803,85","À vista no PIX com 15% OFF"
"","","","Kit Energia Solar Ongrid 300kWh Mês 2,48kWp 4 Painel Sunova 620W Inversor Sungrow 3kW 220V 1MPPT","https://www.meugerador.com.br/collections/kits-solar-ongrid/products/kit-energia-solar-ongrid-300kwh-mes-2-48kwp-4-painel-sunova-620w-inversor-sungrow-3kw-220v-1mppt","R$ 4.820,31","À vista no PIX com 15% OFF"
"","","","Kit Energia Solar Ongrid 400kWh Mês 3,10kWp 5 Painel Sunova 620W Inversor Sungrow 3kW 220V 1MPPT","https://www.meugerador.com.br/collections/kits-solar-ongrid/products/kit-energia-solar-ongrid-400kwh-mes-3-10kwp-5-painel-sunova-620w-inversor-sungrow-3kw-220v-1mppt","R$ 5.402,74","À vista no PIX com 15% OFF"
"","","","Kit Energia Solar Ongrid 500kWh Mês 3,72kWp 6 Painel Sunova 620W Inversor Growatt 3kW X2 220V 1MPPT","https://www.meugerador.com.br/collections/kits-solar-ongrid/products/kit-energia-solar-ongrid-500kwh-mes-3-72kwp-6-painel-sunova-620w-inversor-growatt-3kw-x2-220v-1mppt","R$ 5.540,19","À vista no PIX com 15% OFF"
"","","","Kit Energia Solar Ongrid 400kWh Mês 3,10kWp 5 Painel Sunova 620W MicroInversor SAJ 4,5kW 220V 8MPPT","https://www.meugerador.com.br/collections/kits-solar-ongrid/products/kit-energia-solar-ongrid-400kwh-mes-3-10kwp-5-painel-sunova-620w-microinversor-saj-4-5kw-220v-8mppt","R$ 5.878,21","À vista no PIX com 15% OFF"
"","","","Kit Energia Solar Ongrid 550kWh Mês 4,34kWp 7 Painel Sunova 620W Inversor Growatt 3kW X2 220V 1MPPT","https://www.meugerador.com.br/collections/kits-solar-ongrid/products/kit-energia-solar-ongrid-550kwh-mes-4-34kwp-7-painel-sunova-620w-inversor-growatt-3kw-x2-220v-1mppt","R$ 5.968,73","À vista no PIX com 15% OFF"
"","","","Kit Energia Solar Ongrid 400kWh Mês 3,10kWp 5 Painel Sunova 620W MicroInversor Deye 4,5kW 220V 8MPPT","https://www.meugerador.com.br/collections/kits-solar-ongrid/products/kit-energia-solar-ongrid-400kwh-mes-3-10kwp-5-painel-sunova-620w-microinversor-deye-4-5kw-220v-8mppt","R$ 6.038,00","À vista no PIX com 15% OFF"
"","","","Kit Energia Solar Ongrid 400kWh Mês 3,10kWp 5 Painel Sunova 620W Micro Growatt 4,5kW 220V 8MPPT","https://www.meugerador.com.br/collections/kits-solar-ongrid/products/kit-energia-solar-ongrid-400kwh-mes-3-10kwp-5-painel-sunova-620w-micro-growatt-4-5kw-220v-8mppt","R$ 6.108,70","À vista no PIX com 15% OFF"
"","","","Kit Energia Solar Ongrid 500kWh Mês 3,72kWp 6 Painel Sunova 620W Inversor Sungrow 3kW 220V 1MPPT","https://www.meugerador.com.br/collections/kits-solar-ongrid/products/kit-energia-solar-ongrid-500kwh-mes-3-72kwp-6-painel-sunova-620w-inversor-sungrow-3kw-220v-1mppt","R$ 6.498,21","À vista no PIX com 15% OFF"
"","","","Kit Energia Solar Ongrid 500kWh Mês 3,72kWp 6 Painel Sunova 620W MicroInversor SAJ 4,5kW 220V 8MPPT","https://www.meugerador.com.br/collections/kits-solar-ongrid/products/kit-energia-solar-ongrid-500kwh-mes-3-72kwp-6-painel-sunova-620w-microinversor-saj-4-5kw-220v-8mppt","R$ 6.532,95","À vista no PIX com 15% OFF"
"","","","Kit Energia Solar Ongrid 600kWh Mês 4,96kWp 8 Painel Sunova 620W Inversor Growatt 3kW X2 220V 1MPPT","https://www.meugerador.com.br/collections/kits-solar-ongrid/products/kit-energia-solar-ongrid-600kwh-mes-4-96kwp-8-painel-sunova-620w-inversor-growatt-3kw-x2-220v-1mppt","R$ 6.551,18","À vista no PIX com 15% OFF"
"","","","Kit Energia Solar Ongrid 550kWh Mês 4,34kWp 7 Painel Sunova 620W Inversor Sungrow 3kW 220 1MPPT","https://www.meugerador.com.br/collections/kits-solar-ongrid/products/kit-energia-solar-ongrid-550kwh-mes-4-34kwp-7-painel-sunova-620w-inversor-sungrow-3kw-220-1mppt","R$ 6.567,64","À vista no PIX com 15% OFF"
"","","","Kit Energia Solar Ongrid 550kWh Mês 4,34kWp 7 Painel Sunova 620W MicroInversor SAJ 4,5kW 220V 8MPPT","https://www.meugerador.com.br/collections/kits-solar-ongrid/products/kit-energia-solar-ongrid-550kwh-mes-4-34kwp-7-painel-sunova-620w-microinversor-saj-4-5kw-220v-8mppt","R$ 6.620,23","À vista no PIX com 15% OFF"
"","","","Kit Energia Solar Ongrid 500kWh Mês 3,72kWp 6 Painel Sunova 620W MicroInversor Deye 4,5kW 220V 8MPPT","https://www.meugerador.com.br/collections/kits-solar-ongrid/products/kit-energia-solar-ongrid-500kwh-mes-3-72kwp-6-painel-sunova-620w-microinversor-deye-4-5kw-220v-8mppt","R$ 6.692,74","À vista no PIX com 15% OFF"
"","","","Kit Energia Solar Ongrid 500kWh Mês 3,72kWp 6 Painel Sunova 620W Inversor Livoltek 3,3kW 220V 1MPPT","https://www.meugerador.com.br/collections/kits-solar-ongrid/products/kit-energia-solar-ongrid-500kwh-mes-3-72kwp-6-painel-sunova-620w-inversor-livoltek-3-3kw-220v-1mppt","R$ 6.712,81","À vista no PIX com 15% OFF"
"","","","Kit Energia Solar Ongrid 550kWh Mês 4,34kWp 7 Painel Sunova 620W Inversor Growatt 5kW X2 220V 2MPPT","https://www.meugerador.com.br/collections/kits-solar-ongrid/products/kit-energia-solar-ongrid-550kwh-mes-4-34kwp-7-painel-sunova-620w-inversor-growatt-5kw-x2-220v-2mppt","R$ 6.752,39","À vista no PIX com 15% OFF"
"","","","Kit Energia Solar Ongrid 500kWh Mês 3,72kWp 6 Painel Sunova 620W Micro Growatt 4,5kW 220V 8MPPT","https://www.meugerador.com.br/collections/kits-solar-ongrid/products/kit-energia-solar-ongrid-500kwh-mes-3-72kwp-6-painel-sunova-620w-micro-growatt-4-5kw-220v-8mppt","R$ 6.763,43","À vista no PIX com 15% OFF"
"","","","Kit Energia Solar Ongrid 550kWh Mês 4,34kWp 7 Painel Sunova 620W Inversor Livoltek 3,3kW 220 1MPPT","https://www.meugerador.com.br/collections/kits-solar-ongrid/products/kit-energia-solar-ongrid-550kwh-mes-4-34kwp-7-painel-sunova-620w-inversor-livoltek-3-3kw-220-1mppt","R$ 6.765,29","À vista no PIX com 15% OFF"
"","","","Kit Energia Solar Ongrid 550kWh Mês 4,34kWp 7 Painel Sunova 620W MicroInversor Deye 4,5kW 220V 8MPPT","https://www.meugerador.com.br/collections/kits-solar-ongrid/products/kit-energia-solar-ongrid-550kwh-mes-4-34kwp-7-painel-sunova-620w-microinversor-deye-4-5kw-220v-8mppt","R$ 6.767,40","À vista no PIX com 15% OFF"
"","","","Kit Energia Solar Ongrid 550kWh Mês 4,34kWp 7 Painel Sunova 620W Micro Growatt 4,5kW 220V 8MPPT","https://www.meugerador.com.br/collections/kits-solar-ongrid/products/kit-energia-solar-ongrid-550kwh-mes-4-34kwp-7-painel-sunova-620w-micro-growatt-4-5kw-220v-8mppt","R$ 6.832,52","À vista no PIX com 15% OFF"
"","","","Kit Energia Solar Ongrid 600kWh Mês 4,96kWp 8 Painel Sunova 620W Inversor SAJ 6kW 220V 2MPPT","https://www.meugerador.com.br/collections/kits-solar-ongrid/products/kit-energia-solar-ongrid-600kwh-mes-4-96kwp-8-painel-sunova-620w-inversor-saj-6kw-220v-1mppt","R$ 7.205,09","À vista no PIX com 15% OFF"
"","","","Kit Energia Solar Ongrid 600kWh Mês 4,96kWp 8 Painel Sunova 620W MicroInversor SAJ 4,5kW 220V 8MPPT","https://www.meugerador.com.br/collections/kits-solar-ongrid/products/kit-energia-solar-ongrid-600kwh-mes-4-96kwp-8-painel-sunova-620w-microinversor-saj-4-5kw-220v-8mppt","R$ 7.223,27","À vista no PIX com 15% OFF"
"","","","Kit Energia Solar Ongrid 600kWh Mês 4,96kWp 8 Painel Sunova 620W Inversor Growatt 5kW X2 220V 2MPPT","https://www.meugerador.com.br/collections/kits-solar-ongrid/products/kit-energia-solar-ongrid-600kwh-mes-4-96kwp-8-painel-sunova-620w-inversor-growatt-5kw-x2-220v-2mppt","R$ 7.334,84","À vista no PIX com 15% OFF"
"","","","Kit Energia Solar Ongrid 600kWh Mês 4,96kWp 8 Painel Sunova 620W Inversor Livoltek 3,3kW 220V 1MPPT","https://www.meugerador.com.br/collections/kits-solar-ongrid/products/kit-energia-solar-ongrid-600kwh-mes-4-96kwp-8-painel-sunova-620w-inversor-livoltek-3-3kw-220v-1mppt","R$ 7.347,73","À vista no PIX com 15% OFF"
"","","","Kit Energia Solar Ongrid 600kWh Mês 4,96kWp 8 Painel Sunova 620W MicroInversor Deye 4,5kW 220V 8MPPT","https://www.meugerador.com.br/collections/kits-solar-ongrid/products/kit-energia-solar-ongrid-600kwh-mes-4-96kwp-8-painel-sunova-620w-microinversor-deye-4-5kw-220v-8mppt","R$ 7.370,45","À vista no PIX com 15% OFF"
"","","","Kit Energia Solar Ongrid 600kWh Mês 4,96kWp 8 Painel Sunova 620W Micro Growatt 4,5kW 220V 8MPPT","https://www.meugerador.com.br/collections/kits-solar-ongrid/products/kit-energia-solar-ongrid-600kwh-mes-4-96kwp-8-painel-sunova-620w-micro-growatt-4-5kw-220v-8mppt","R$ 7.435,57","À vista no PIX com 15% OFF"
"","","","Kit Energia Solar Ongrid 600kWh Mês 4,96kWp 8 Painel Sunova 620W Inversor Growatt 6kW X2 220V 2MPPT","https://www.meugerador.com.br/collections/kits-solar-ongrid/products/kit-energia-solar-ongrid-600kwh-mes-4-96kwp-8-painel-sunova-620w-inversor-growatt-6kw-x2-220v-2mppt","R$ 7.552,45","À vista no PIX com 15% OFF"
"","","","Kit Energia Solar Ongrid 700kWh Mês 5,58kWp 9 Painel Sunova 620W Inversor SAJ 6kW 220V 2MPPT","https://www.meugerador.com.br/collections/kits-solar-ongrid/products/kit-energia-solar-ongrid-700kwh-mes-5-58kwp-9-painel-sunova-620w-inversor-saj-6kw-220v-2mppt","R$ 8.013,02","À vista no PIX com 15% OFF"
"","","","Kit Energia Solar Ongrid 600kWh Mês 4,96kWp 8 Painel Sunova 620W Inversor Sungrow 6kW 220V 2MPPT","https://www.meugerador.com.br/collections/kits-solar-ongrid/products/kit-energia-solar-ongrid-600kwh-mes-4-96kwp-8-painel-sunova-620w-inversor-sungrow-6kw-220v-2mppt","R$ 8.056,79","À vista no PIX com 15% OFF"
"","","","Kit Energia Solar Ongrid 700kWh Mês 5,58kWp 9 Painel Sunova 620W Inversor Growatt 5kW X2 220V 2MPPT","https://www.meugerador.com.br/collections/kits-solar-ongrid/products/kit-energia-solar-ongrid-700kwh-mes-5-58kwp-9-painel-sunova-620w-inversor-growatt-5kw-x2-220v-2mppt","R$ 8.156,29","À vista no PIX com 15% OFF"
"","","","Kit Energia Solar Ongrid 700kWh Mês 5,58kWp 9 Painel Sunova 620W Inversor Growatt 6kW X2 220V 2MPPT","https://www.meugerador.com.br/collections/kits-solar-ongrid/products/kit-energia-solar-ongrid-700kwh-mes-5-58kwp-9-painel-sunova-620w-inversor-growatt-6kw-x2-220v-2mppt","R$ 8.373,91","À vista no PIX com 15% OFF"
"","","","Kit Energia Solar Ongrid 700kWh Mês 5,58kWp 9 Painel Sunova 620W Inversor Sungrow 5kW 220V 2MPPT","https://www.meugerador.com.br/collections/kits-solar-ongrid/products/kit-energia-solar-ongrid-700kwh-mes-5-58kwp-9-painel-sunova-620w-inversor-sungrow-5kw-220v-2mppt","R$ 8.423,97","À vista no PIX com 15% OFF"
"","","","Kit Energia Solar Ongrid 800kWh Mês 6,20kWp 10 Painel Sunova 620W Inversor SAJ 6kW 220V 2MPPT","https://www.meugerador.com.br/collections/kits-solar-ongrid/products/kit-energia-solar-ongrid-800kwh-mes-6-20kwp-10-painel-sunova-620w-inversor-saj-6kw-220v-2mppt","R$ 8.595,46","À vista no PIX com 15% OFF"
"","","","Kit Energia Solar Ongrid 700kWh Mês 5,58kWp 9 Painel Sunova 620W Inversor Sungrow 6kW 220V 2MPPT","https://www.meugerador.com.br/collections/kits-solar-ongrid/products/kit-energia-solar-ongrid-700kwh-mes-5-58kwp-9-painel-sunova-620w-inversor-sungrow-6kw-220v-2mppt","R$ 8.878,25","À vista no PIX com 15% OFF"
"","","","Kit Energia Solar Ongrid 800kWh Mês 6,20kWp 10 Painel Sunova 620W Inversor Growatt 6kW X2 220V 2MPPT","https://www.meugerador.com.br/collections/kits-solar-ongrid/products/kit-energia-solar-ongrid-800kwh-mes-6-20kwp-10-painel-sunova-620w-inversor-growatt-6kw-x2-220v-2mppt","R$ 8.956,35","À vista no PIX com 15% OFF"
"","","","Kit Energia Solar Ongrid 700kWh Mês 5,58kWp 9 Painel Sunova 620W MicroInversor SAJ 6,75kW 220V 12MPPT","https://www.meugerador.com.br/collections/kits-solar-ongrid/products/kit-energia-solar-ongrid-700kwh-mes-5-58kwp-9-painel-sunova-620w-microinversor-saj-6-75kw-220v-12mppt","R$ 8.973,45","À vista no PIX com 15% OFF"
"","","","Kit Energia Solar Ongrid 900kWh Mês 6,82kWp 11 Painel Sunova 620W Inversor SAJ 6kW 220V 2MPPT","https://www.meugerador.com.br/collections/kits-solar-ongrid/products/kit-energia-solar-ongrid-900kwh-mes-6-82kwp-11-painel-sunova-620w-inversor-saj-6kw-220v-2mppt","R$ 9.191,43","À vista no PIX com 15% OFF"
"","","","Kit Energia Solar Ongrid 700kWh Mês 5,58kWp 9 Painel Sunova 620W MicroInversor Deye 6,75kW 220V 12MPPT","https://www.meugerador.com.br/collections/kits-solar-ongrid/products/kit-energia-solar-ongrid-700kwh-mes-5-58kwp-9-painel-sunova-620w-microinversor-deye-6-75kw-220v-12mppt","R$ 9.194,21","À vista no PIX com 15% OFF"
"","","","Kit Energia Solar Ongrid 700kWh Mês 5,58kWp 9 Painel Sunova 620W Micro Growatt 6,75kW 220V 12MPPT","https://www.meugerador.com.br/collections/kits-solar-ongrid/products/kit-energia-solar-ongrid-700kwh-mes-5-58kwp-9-painel-sunova-620w-micro-growatt-6-75kw-220v-12mppt","R$ 9.291,89","À vista no PIX com 15% OFF"
"","","","Kit Energia Solar Ongrid 700kWh Mês 5,58kWp 9 Painel Sunova 620W Inversor Growatt X2 7,5kW 220V 2MPPT (FASTTRACK)","https://www.meugerador.com.br/collections/kits-solar-ongrid/products/kit-energia-solar-ongrid-700kwh-mes-5-58kwp-9-painel-sunova-620w-inversor-growatt-x2-7-5kw-220v-2mppt-fasttrack","R$ 9.429,72","À vista no PIX com 15% OFF"
"","","","Kit Energia Solar Ongrid 800kWh Mês 6,20kWp 10 Painel Sunova 620W Inversor Sungrow 6kW 220V 2MPPT","https://www.meugerador.com.br/collections/kits-solar-ongrid/products/kit-energia-solar-ongrid-800kwh-mes-6-20kwp-10-painel-sunova-620w-inversor-sungrow-6kw-220v-2mppt","R$ 9.460,69","À vista no PIX com 15% OFF"
"","","","Kit Energia Solar Ongrid 900kWh Mês 6,82kWp 11 Painel Sunova 620W Inversor Growatt 6kW X2 220V 2MPPT","https://www.meugerador.com.br/collections/kits-solar-ongrid/products/kit-energia-solar-ongrid-900kwh-mes-6-82kwp-11-painel-sunova-620w-inversor-growatt-6kw-x2-220v-2mppt","R$ 9.538,79","À vista no PIX com 15% OFF"
"","","","Kit Energia Solar Ongrid 800kWh Mês 6,20kWp 10 Painel Sunova 620W MicroInversor SAJ 6,75kW 220V 12MPPT","https://www.meugerador.com.br/collections/kits-solar-ongrid/products/kit-energia-solar-ongrid-800kwh-mes-6-20kwp-10-painel-sunova-620w-microinversor-saj-6-75kw-220v-12mppt","R$ 9.576,49","À vista no PIX com 15% OFF"
"","","","Kit Energia Solar Ongrid 1000kWh Mês 7,44kWp 12 Painel Sunova 620W Inversor SAJ 6kW 220V 2MPPT","https://www.meugerador.com.br/collections/kits-solar-ongrid/products/kit-energia-solar-ongrid-1000kwh-mes-7-44kwp-12-painel-sunova-620w-inversor-saj-6kw-220v-2mppt","R$ 9.760,34","À vista no PIX com 15% OFF"
"","","","Kit Energia Solar Ongrid 800kWh Mês 6,20kWp 10 Painel Sunova 620W MicroInversor Deye 6,75kW 220V 12MPPT","https://www.meugerador.com.br/collections/kits-solar-ongrid/products/kit-energia-solar-ongrid-800kwh-mes-6-20kwp-10-painel-sunova-620w-microinversor-deye-6-75kw-220v-12mppt","R$ 9.797,25","À vista no PIX com 15% OFF"
"","","","Kit Energia Solar Ongrid 800kWh Mês 6,20kWp 10 Painel Sunova 620W Micro Growatt 6,75kW 220V 12MPPT","https://www.meugerador.com.br/collections/kits-solar-ongrid/products/kit-energia-solar-ongrid-800kwh-mes-6-20kwp-10-painel-sunova-620w-micro-growatt-6-75kw-220v-12mppt","R$ 9.894,94","À vista no PIX com 15% OFF"
"","","","Kit Energia Solar Ongrid 800kWh Mês 6,20kWp 10 painel Sunova 620W Inversor Growatt X2 7,5kW 220V 2MPPT (FASTTRACK)","https://www.meugerador.com.br/collections/kits-solar-ongrid/products/kit-energia-solar-ongrid-800kwh-mes-6-20kwp-10-painel-sunova-620w-inversor-growatt-x2-7-5kw-220v-2mppt-fasttrack","R$ 10.012,17","À vista no PIX com 15% OFF"
"","","","Kit Energia Solar Ongrid 900kWh Mês 6,82kWp 11 Painel Sunova 620W Inversor Sungrow 6kW 220V 2MPPT","https://www.meugerador.com.br/collections/kits-solar-ongrid/products/kit-energia-solar-ongrid-900kwh-mes-6-82kwp-11-painel-sunova-620w-inversor-sungrow-6kw-220v-2mppt","R$ 10.043,13","À vista no PIX com 15% OFF"
"","","","Kit Energia Solar Ongrid 1000kWh Mês 7,44kWp 12 Painel Sunova 620W Inversor Growatt 6kW X2 220V 2MPPT","https://www.meugerador.com.br/collections/kits-solar-ongrid/products/kit-energia-solar-ongrid-1000kwh-mes-7-44kwp-12-painel-sunova-620w-inversor-growatt-6kw-x2-220v-2mppt","R$ 10.121,24","À vista no PIX com 15% OFF"
"","","","Kit Energia Solar Ongrid 900kWh Mês 6,82kWp 11 Painel Sunova 620W MicroInversor SAJ 6,75kW 220V 12MPPT","https://www.meugerador.com.br/collections/kits-solar-ongrid/products/kit-energia-solar-ongrid-900kwh-mes-6-82kwp-11-painel-sunova-620w-microinversor-saj-6-75kw-220v-12mppt","R$ 10.179,54","À vista no PIX com 15% OFF"
"","","","Kit Energia Solar Ongrid 900kWh Mês 6,82kWp 11 Painel Sunova 620W MicroInversor Deye 6,75kW 220V 12MPPT","https://www.meugerador.com.br/collections/kits-solar-ongrid/products/kit-energia-solar-ongrid-900kwh-mes-6-82kwp-11-painel-sunova-620w-microinversor-deye-6-75kw-220v-12mppt","R$ 10.400,30","À vista no PIX com 15% OFF"
"","","","Kit Energia Solar Ongrid 900kWh Mês 6,82kWp 11 Painel Sunova 620W Micro Growatt 6,75kW 220V 12MPPT","https://www.meugerador.com.br/collections/kits-solar-ongrid/products/kit-energia-solar-ongrid-900kwh-mes-6-82kwp-11-painel-sunova-620w-micro-growatt-6-75kw-220v-12mppt","R$ 10.497,98","À vista no PIX com 15% OFF"
"","","","Kit Energia Solar Ongrid 900kWh Mês 6,82kWp 11 Painel Sunova 620W Inversor Growatt X2 7,5kW 220V 2MPPT (FASTTRACK)","https://www.meugerador.com.br/collections/kits-solar-ongrid/products/kit-energia-solar-ongrid-900kwh-mes-6-82kwp-11-painel-sunova-620w-inversor-growatt-x2-7-5kw-220v-2mppt-fasttrack","R$ 10.594,61","À vista no PIX com 15% OFF"
"","","","Kit Energia Solar Ongrid 1000kWh Mês 7,44kWp 12 Painel Sunova 620W Inversor Sungrow 6kW 220V 2MPPT","https://www.meugerador.com.br/collections/kits-solar-ongrid/products/kit-energia-solar-ongrid-1000kwh-mes-7-44kwp-12-painel-sunova-620w-inversor-sungrow-6kw-220v-2mppt","R$ 10.625,58","À vista no PIX com 15% OFF"
"","","","Kit Energia Solar Ongrid 1050kWh Mês 8,06kWp 13 Painel Sunova 620W Inversor Growatt 6kW X2 220V 2MPPT","https://www.meugerador.com.br/collections/kits-solar-ongrid/products/kit-energia-solar-ongrid-1050kwh-mes-8-06kwp-13-painel-sunova-620w-inversor-growatt-6kw-x2-220v-2mppt","R$ 10.703,68","À vista no PIX com 15% OFF"
"","","","Kit Energia Solar Ongrid 1050kWh Mês 8,06kWp 13 Painel Sunova 620W Inversor Sungrow 5kW 220V 2MPPT","https://www.meugerador.com.br/collections/kits-solar-ongrid/products/kit-energia-solar-ongrid-1050kwh-mes-8-06kwp-13-painel-sunova-620w-inversor-sungrow-5kw-220v-2mppt","R$ 10.753,74","À vista no PIX com 15% OFF"
"","","","Kit Energia Solar Ongrid 1000kWh Mês 7,44kWp 12 Painel Sunova 620W MicroInversor SAJ 6,75kW 220V 12MPPT","https://www.meugerador.com.br/collections/kits-solar-ongrid/products/kit-energia-solar-ongrid-1000kwh-mes-7-44kwp-12-painel-sunova-620w-microinversor-saj-6-75kw-220v-12mppt","R$ 10.782,58","À vista no PIX com 15% OFF"
"","","","Kit Energia Solar Ongrid 1000kWh Mês 7,44kWp 12 Painel Sunova 620W MicroInversor Deye 6,75kW 220V 12MPPT","https://www.meugerador.com.br/collections/kits-solar-ongrid/products/kit-energia-solar-ongrid-1000kwh-mes-7-44kwp-12-painel-sunova-620w-microinversor-deye-6-75kw-220v-12mppt","R$ 11.003,34","À vista no PIX com 15% OFF"
"","","","Kit Energia Solar Ongrid 1000kWh Mês 7,44kWp 12 Painel Sunova 620W Micro Growatt 6,75kW 220V 12MPPT","https://www.meugerador.com.br/collections/kits-solar-ongrid/products/kit-energia-solar-ongrid-1000kwh-mes-7-44kwp-12-painel-sunova-620w-micro-growatt-6-75kw-220v-12mppt","R$ 11.101,03","À vista no PIX com 15% OFF"
"","","","Kit Energia Solar Ongrid 1000kWh Mês 7,44kWp 12 Painel Sunova 620W Inversor Growatt X2 7,5kW 220V 2MPPT (FASTTRACK)","https://www.meugerador.com.br/collections/kits-solar-ongrid/products/kit-energia-solar-ongrid-1000kwh-mes-7-44kwp-12-painel-sunova-620w-inversor-growatt-x2-7-5kw-220v-2mppt-fasttrack","R$ 11.177,05","À vista no PIX com 15% OFF"
"","","","Kit Energia Solar Ongrid 1050kWh Mês 8,06kWp 13 Painel Sunova 620W Inversor Sungrow 6kW RS-L 220V 2MPPT","https://www.meugerador.com.br/collections/kits-solar-ongrid/products/kit-energia-solar-ongrid-1050kwh-mes-8-06kwp-13-painel-sunova-620w-inversor-sungrow-6kw-rs-l-220v-2mppt","R$ 11.208,02","À vista no PIX com 15% OFF"
"","","","Kit Energia Solar Ongrid 1100kWh Mês 8,68kWp 14 Painel Sunova 620W Inversor Growatt 6kW X2 220V 2MPPT","https://www.meugerador.com.br/collections/kits-solar-ongrid/products/kit-energia-solar-ongrid-1100kwh-mes-8-68kwp-14-painel-sunova-620w-inversor-growatt-6kw-x2-220v-2mppt","R$ 11.286,12","À vista no PIX com 15% OFF"
"","","","Kit Energia Solar Ongrid 1050kWh Mês 8,06kWp 13 Painel Sunova 620W Inversor Growatt X2 7,5kW 220V 2MPPT (FASTTRACK)","https://www.meugerador.com.br/collections/kits-solar-ongrid/products/kit-energia-solar-ongrid-1050kwh-mes-8-06kwp-13-painel-sunova-620w-inversor-growatt-x2-7-5kw-220v-2mppt-fasttrack","R$ 11.759,50","À vista no PIX com 15% OFF"
"","","","Kit Energia Solar Ongrid 1100kWh Mês 8,68kWp 14 Painel Sunova 620W Sungrow 6kW 220V 2MPPT","https://www.meugerador.com.br/collections/kits-solar-ongrid/products/kit-energia-solar-ongrid-1100kwh-mes-8-68kwp-14-painel-sunova-620w-sungrow-6kw-220v-2mppt","R$ 11.790,46","À vista no PIX com 15% OFF"
"","","","Kit Energia Solar Ongrid 1200kWh Mês 9,3kWp 15 Painel Sunova 620W Inversor Growatt 6kW X2 220V 2MPPT","https://www.meugerador.com.br/collections/kits-solar-ongrid/products/kit-energia-solar-ongrid-1200kwh-mes-9-3kwp-15-painel-sunova-620w-inversor-growatt-6kw-x2-220v-2mppt","R$ 11.868,57","À vista no PIX com 15% OFF"
"","","","Kit Energia Solar Ongrid 1050kWh Mês 8,06kWp 13 Painel Sunova 620W Inversor Sofar 7,5kW 220V 2MPPT [FASTTRACK]","https://www.meugerador.com.br/collections/kits-solar-ongrid/products/kit-energia-solar-ongrid-1050kwh-mes-8-06kwp-13-painel-sunova-620w-inversor-sofar-7-5kw-220v-2mppt-fasttrack","R$ 11.955,97","À vista no PIX com 15% OFF"
"","","","Kit Energia Solar Ongrid 1100kWh Mês 8,68kWp 14 Painel Sunova 620W Inversor Growatt X2 7,5kW 220V 2MPPT (FASTTRACK)","https://www.meugerador.com.br/collections/kits-solar-ongrid/products/kit-energia-solar-ongrid-1100kwh-mes-8-68kwp-14-painel-sunova-620w-inversor-growatt-x2-7-5kw-220v-2mppt-fasttrack","R$ 12.341,93","À vista no PIX com 15% OFF"
"","","","Kit Energia Solar Ongrid 1200kWh Mês 9,3kWp 15 Painel Sunova 620W Inversor Sungrow 6kW 220V 2MPPT","https://www.meugerador.com.br/collections/kits-solar-ongrid/products/kit-energia-solar-ongrid-1200kwh-mes-9-3kwp-15-painel-sunova-620w-inversor-sungrow-6kw-220v-2mppt","R$ 12.372,90","À vista no PIX com 15% OFF"
"","","","Kit Energia Solar Ongrid 1050kWh Mês 8,06kWp 13 Painel Sunova 620W MicroInversor SAJ 9kW 220V 16MPPT","https://www.meugerador.com.br/collections/kits-solar-ongrid/products/kit-energia-solar-ongrid-1050kwh-mes-8-06kwp-13-painel-sunova-620w-microinversor-saj-9kw-220v-16mppt","R$ 12.532,76","À vista no PIX com 15% OFF"
"","","","Kit Energia Solar Ongrid 1050kWh Mês 8,06kWp 13 Painel Sunova 620W MicroInversor Deye 9kW 220V 16MPPT","https://www.meugerador.com.br/collections/kits-solar-ongrid/products/kit-energia-solar-ongrid-1050kwh-mes-8-06kwp-13-painel-sunova-620w-microinversor-deye-9kw-220v-16mppt","R$ 12.827,10","À vista no PIX com 15% OFF"
"","","","Kit Energia Solar Ongrid 1100kWh Mês 8,68kWp 14 Painel Sunova 620W Inversor Sofar 7,5kW 220V 2MPPT [FASTTRACK]","https://www.meugerador.com.br/collections/kits-solar-ongrid/products/kit-energia-solar-ongrid-1100kwh-mes-8-68kwp-14-painel-sunova-620w-inversor-sofar-7-5kw-220v-2mppt-fasttrack","R$ 12.896,66","À vista no PIX com 15% OFF"
"","","","Kit Energia Solar Ongrid  1200kWh Mês 9,3kWp 15 Painel Sunova 620W Inversor Growatt X2 7,5kW 220V 2MPPT (FASTTRACK)","https://www.meugerador.com.br/collections/kits-solar-ongrid/products/kit-energia-solar-ongrid-1200kwh-m-s-9-3kwp-15-painel-sunova-620w-inversor-growatt-x2-7-5kw-220v-2mppt-fasttrac","R$ 12.924,38","À vista no PIX com 15% OFF"
"","","","Kit Energia Solar Ongrid 1300kWh Mês 9,92kWp 16 Painel Sunova 620W Inversor Sungrow 6kW 220V 2MPPT","https://www.meugerador.com.br/collections/kits-solar-ongrid/products/kit-energia-solar-ongrid-1300kwh-mes-9-92kwp-16-painel-sunova-620w-inversor-sungrow-6kw-220v-2mppt","R$ 12.955,34","À vista no PIX com 15% OFF"
"","","","Kit Energia Solar Ongrid 1050kWh Mês 8,06kWp 13 Painel Sunova 620W Micro Growatt 9kW 220V 16MPPT","https://www.meugerador.com.br/collections/kits-solar-ongrid/products/kit-energia-solar-ongrid-1050kwh-mes-8-06kwp-13-painel-sunova-620w-micro-growatt-9kw-220v-16mppt","R$ 12.957,35","À vista no PIX com 15% OFF"
"","","","Kit Energia Solar Ongrid 1100kWh Mês 8,68kWp 14 Painel Sunova 620W MicroInversor SAJ 9kW 220V 16MPPT","https://www.meugerador.com.br/collections/kits-solar-ongrid/products/kit-energia-solar-ongrid-1100kwh-mes-8-68kwp-14-painel-sunova-620w-microinversor-saj-9kw-220v-16mppt","R$ 13.135,80","À vista no PIX com 15% OFF"
"","","","Kit Energia Solar Ongrid 1200kWh Mês 9,3kWp 15 Painel Sunova 620W Inversor Growatt X2 8kW 220V 3MPPT","https://www.meugerador.com.br/collections/kits-solar-ongrid/products/kit-energia-solar-ongrid-1200kwh-mes-9-3kwp-15-painel-sunova-620w-inversor-growatt-x2-8kw-220v-3mppt","R$ 13.169,30","À vista no PIX com 15% OFF"
"","","","Kit Energia Solar Ongrid 1100kWh Mês 8,68kWp 14 Painel Sunova 620W MicroInversor Deye 9kW 220V 16MPPT","https://www.meugerador.com.br/collections/kits-solar-ongrid/products/kit-energia-solar-ongrid-1100kwh-mes-8-68kwp-14-painel-sunova-620w-microinversor-deye-9kw-220v-16mppt","R$ 13.430,15","À vista no PIX com 15% OFF"
"","","","Kit Energia Solar Ongrid 1200kWh Mês 9,3kWp 15 Painel Sunova 620W Inversor Sofar 7,5kW 220V 2MPPT [FASTTRACK]","https://www.meugerador.com.br/collections/kits-solar-ongrid/products/kit-energia-solar-ongrid-1200kwh-mes-9-3kwp-15-painel-sunova-620w-inversor-sofar-7-5kw-220v-2mppt-fasttrack","R$ 13.495,74","À vista no PIX com 15% OFF"
"","","","Kit Energia Solar Ongrid 1300kWh Mês 9,92kWp 16 Painel Sunova 620W Inversor Growatt X2 7,5kW 220V 2MPPT (FASTTRACK)","https://www.meugerador.com.br/collections/kits-solar-ongrid/products/kit-energia-solar-ongrid-1300kwh-mes-9-92kwp-16-painel-sunova-620w-inversor-growatt-x2-7-5kw-220v-2mppt-fasttrack","R$ 13.506,82","À vista no PIX com 15% OFF"
"","","","Kit Energia Solar Ongrid 1100kWh Mês 8,68kWp 14 Painel Sunova 620W Micro Growatt 9kW 220V 16MPPT","https://www.meugerador.com.br/collections/kits-solar-ongrid/products/kit-energia-solar-ongrid-1100kwh-mes-8-68kwp-14-painel-sunova-620w-micro-growatt-9kw-220v-16mppt","R$ 13.560,39","À vista no PIX com 15% OFF"
"","","","Kit Energia Solar Ongrid 1200kWh Mês 9,3kWp 15 Painel Sunova 620W MicroInversor SAJ 9kW 220V 16MPPT","https://www.meugerador.com.br/collections/kits-solar-ongrid/products/kit-energia-solar-ongrid-1200kwh-mes-9-3kwp-15-painel-sunova-620w-microinversor-saj-9kw-220v-16mppt","R$ 13.738,84","À vista no PIX com 15% OFF"
"","","","Kit Energia Solar Ongrid 1200kWh Mês 9,3KWP 15 Painel Sunova 620W MicroInversor Deye 9kW 220V 16MPPT","https://www.meugerador.com.br/collections/kits-solar-ongrid/products/kit-energia-solar-ongrid-1200kwh-mes-9-76kwp-15-painel-sunova-620w-microinversor-deye-9kw-220v-16mppt","R$ 14.033,19","À vista no PIX com 15% OFF"
"","","","Kit Energia Solar Ongrid 1300kWh Mês 9,92kWp 16 Painel Sunova 620W Inversor Sungrow 8kW 220V 2MPPT","https://www.meugerador.com.br/collections/kits-solar-ongrid/products/kit-energia-solar-ongrid-1300kwh-mes-9-92kwp-16-painel-sunova-620w-inversor-sungrow-8kw-220v-2mppt","R$ 14.081,83","À vista no PIX com 15% OFF"
"","","","Kit Energia Solar Ongrid 1400kWh Mês 10,54kWp 17 Painel Sunova 620W Inversor Growatt X2 7,5kW 220V 2MPPT (FASTTRACK)","https://www.meugerador.com.br/collections/kits-solar-ongrid/products/kit-energia-solar-ongrid-1400kwh-mes-10-54kwp-17-painel-sunova-620w-inversor-growatt-x2-7-5kw-220v-2mppt-fasttrack","R$ 14.089,26","À vista no PIX com 15% OFF"
"","","","Kit Energia Solar Ongrid 1300kWh Mês 9,92kWp 16 Painel Sunova 620W Inversor Sofar 7,5kW 220V 2MPPT [FASTTRACK]","https://www.meugerador.com.br/collections/kits-solar-ongrid/products/kit-energia-solar-ongrid-1300kwh-mes-9-92kwp-16-painel-sunova-620w-inversor-sofar-7-5kw-220v-2mppt-fasttrack","R$ 14.094,82","À vista no PIX com 15% OFF"
"","","","Kit Energia Solar Ongrid 1300kWh Mês 9,92kWp 16 Painel Sunova 620W Inversor SAJ 8kW 220V 2MPPT","https://www.meugerador.com.br/collections/kits-solar-ongrid/products/kit-energia-solar-ongrid-1300kwh-mes-9-92kwp-16-painel-sunova-620w-inversor-saj-8kw-220v-2mppt","R$ 14.118,49","À vista no PIX com 15% OFF"
"","","","Kit Energia Solar Ongrid 1200kwh Mês 9,30kWp 15 Painel Sunova 620W Micro Growatt 9kW 220V 12MPPT","https://www.meugerador.com.br/collections/kits-solar-ongrid/products/kit-energia-solar-1200kwh-mes-9-30kwp-15-painel-sunova-620w-micro-growatt-9kw-220v-12mppt","R$ 14.163,43","À vista no PIX com 15% OFF"
"","","","Kit Energia Solar Ongrid 1300kWh Mês 9,92kWp 16 Painel Sunova 620W MicroInversor SAJ 9kW 220V 16MPPT","https://www.meugerador.com.br/collections/kits-solar-ongrid/products/kit-energia-solar-ongrid-1300kwh-mes-9-92kwp-16-painel-sunova-620w-microinversor-saj-9kw-220v-16mppt","R$ 14.341,89","À vista no PIX com 15% OFF"
"","","","Kit Energia Solar Ongrid 1300kWh Mês 9,92KWP 16 Painel Sunova 620W MicroInversor Deye 9kW 220V 16MPPT","https://www.meugerador.com.br/collections/kits-solar-ongrid/products/kit-energia-solar-ongrid-1300kwh-mes-9-92kwp-16-painel-sunova-620w-microinversor-deye-9kw-220v-16mppt","R$ 14.636,24","À vista no PIX com 15% OFF"
"","","","Kit Energia Solar Ongrid 1400kWh Mês 10,54kWp 17 Painel Sunova 620W Inversor Sungrow 8kW 220V 2MPPT","https://www.meugerador.com.br/collections/kits-solar-ongrid/products/kit-energia-solar-ongrid-1400kwh-mes-10-54kwp-17-painel-sunova-620w-inversor-sungrow-8kw-220v-2mppt","R$ 14.664,27","À vista no PIX com 15% OFF"
"","","","Kit Energia Solar Ongrid 1500kWh Mês 11,16kWp 18 Painel Sunova 620W Inversor Growatt X2 7,5kW 220V 2MPPT (FASTTRACK)","https://www.meugerador.com.br/collections/kits-solar-ongrid/products/kit-energia-solar-ongrid-1500kwh-mes-11-16kwp-18-painel-sunova-620w-inversor-growatt-x2-7-5kw-220v-2mppt-fasttrack","R$ 14.671,71","À vista no PIX com 15% OFF"
"","","","Kit Energia Solar Ongrid 1400kWh Mês 10,54kWp 17 Painel Sunova 620W Inversor Sofar 7,5kW 220V 2MPPT [FASTTRACK]","https://www.meugerador.com.br/collections/kits-solar-ongrid/products/kit-energia-solar-ongrid-1400kwh-mes-10-54kwp-17-painel-sunova-620w-inversor-sofar-7-5kw-220v-2mppt-fasttrack","R$ 14.693,91","À vista no PIX com 15% OFF"
"","","","Kit Energia Solar Ongrid 1400kWh Mês 10,54kWp 17 Painel Sunova 620W Inversor SAJ 8kW 220V 2MPPT","https://www.meugerador.com.br/collections/kits-solar-ongrid/products/kit-energia-solar-ongrid-1400kwh-mes-10-54kwp-17-painel-sunova-620w-inversor-saj-8kw-220v-2mppt","R$ 14.714,47","À vista no PIX com 15% OFF"
"","","","Kit Energia Solar Ongrid 1300kWh Mês 9,92kWp 16 Painel Sunova 620W Micro Growatt 9kW 220V 16MPPT","https://www.meugerador.com.br/collections/kits-solar-ongrid/products/kit-energia-solar-ongrid-1300kwh-mes-9-92kwp-16-painel-sunova-620w-micro-growatt-9kw-220v-16mppt","R$ 14.766,48","À vista no PIX com 15% OFF"
"","","","Kit Energia Solar Ongrid 1500kWh Mês 11,16kWp 18 Painel Sunova 620W Inversor Sungrow 8kW 220V 2MPPT","https://www.meugerador.com.br/collections/kits-solar-ongrid/products/kit-energia-solar-ongrid-1500kwh-mes-11-16kwp-18-painel-sunova-620w-inversor-sungrow-8kw-220v-2mppt","R$ 15.246,71","À vista no PIX com 15% OFF"
"","","","Kit Energia Solar Ongrid 1550kWh Mês 11,78kWp 19 Painel Sunova 620W Inversor Growatt X2 7,5kW 220V 2MPPT (FASTTRACK)","https://www.meugerador.com.br/collections/kits-solar-ongrid/products/kit-energia-solar-ongrid-1550kwh-mes-11-78kwp-19-painel-sunova-620w-inversor-growatt-x2-7-5kw-220v-2mppt-fasttrack","R$ 15.254,14","À vista no PIX com 15% OFF"
"","","","Kit Energia Solar Ongrid 1500kWh Mês 11,16kWp 18 Painel Sunova 620W Inversor Sofar 7,5kW 220V 2MPPT [FASTTRACK]","https://www.meugerador.com.br/collections/kits-solar-ongrid/products/kit-energia-solar-ongrid-1500kwh-mes-11-16kwp-18-painel-sunova-620w-inversor-sofar-7-5kw-220v-2mppt-fasttrack","R$ 15.292,99","À vista no PIX com 15% OFF"
"","","","Kit Energia Solar Ongrid 1550kWh Mês 11,78kWp 19 Painel Sunova 620W Inversor Sungrow 8kW 220V 2MPPT","https://www.meugerador.com.br/collections/kits-solar-ongrid/products/kit-energia-solar-ongrid-1550kwh-mes-11-78kwp-19-painel-sunova-620w-inversor-sungrow-8kw-220v-2mppt","R$ 15.829,15","À vista no PIX com 15% OFF"
"","","","Kit Energia Solar Ongrid 1550kWh Mês 11,78kWp 19 Painel Sunova 620W Inversor Sofar 7,5kW 220V 2MPPT [FASTTRACK]","https://www.meugerador.com.br/collections/kits-solar-ongrid/products/kit-energia-solar-ongrid-1550kwh-mes-11-78kwp-19-painel-sunova-620w-inversor-sofar-7-5kw-220v-2mppt-fasttrack","R$ 15.892,08","À vista no PIX com 15% OFF"
"","","","Kit Energia Solar Ongrid 1400kWh Mês 10,54kWp 17 Painel Sunova 620W MicroInversor SAJ 11,25kW 220V 20MPPT","https://www.meugerador.com.br/collections/kits-solar-ongrid/products/kit-energia-solar-ongrid-1400kwh-mes-10-54kwp-17-painel-sunova-620w-microinversor-saj-11-25kw-220v-20mppt","R$ 16.092,06","À vista no PIX com 15% OFF"
"","","","Kit Energia Solar Ongrid 1550kWh Mês 11,78kWp 19 Painel Sunova 620W Inversor SAJ 8kW 220V 2MPPT","https://www.meugerador.com.br/collections/kits-solar-ongrid/products/kit-energia-solar-ongrid-1550kwh-mes-11-78kwp-19-painel-sunova-620w-inversor-saj-8kw-220v-2mppt","R$ 16.319,54","À vista no PIX com 15% OFF"
"","","","Kit Energia Solar Ongrid 1600kWh Mês 12,40kWp 20 Painel Sunova 620W Inversor Sungrow 8kW 220V 2MPPT","https://www.meugerador.com.br/collections/kits-solar-ongrid/products/kit-energia-solar-ongrid-1600kwh-mes-12-40kwp-20-painel-sunova-620w-inversor-sungrow-8kw-220v-2mppt","R$ 16.411,60","À vista no PIX com 15% OFF"
"","","","Kit Energia Solar Ongrid 1400kWh Mês 10,54kWp 17 Painel Sunova 620W MicroInversor Deye 11,25kW 220V 20MPPT","https://www.meugerador.com.br/collections/kits-solar-ongrid/products/kit-energia-solar-ongrid-1400kwh-mes-10-54kwp-17-painel-sunova-620w-microinversor-deye-11-25kw-220v-20mppt","R$ 16.460,00","À vista no PIX com 15% OFF"
"","","","Kit Energia Solar Ongrid 1600kWh Mês 12,40kWp 20 Painel Sunova 620W Inversor Growatt 8kW MIN8000TL-X2 220V 3MPPT","https://www.meugerador.com.br/collections/kits-solar-ongrid/products/kit-energia-solar-ongrid-1600kwh-mes-12-40kwp-20-painel-sunova-620w-inversor-growatt-8kw-min8000tl-x2-220v-3mppt","R$ 16.535,22","À vista no PIX com 15% OFF"
"","","","Kit Energia Solar Ongrid 1400kWh Mês 10,54kWp 17 Painel Sunova 620W Micro Growatt 11,25kW 220V 20MPPT","https://www.meugerador.com.br/collections/kits-solar-ongrid/products/kit-energia-solar-ongrid-1400kwh-mes-10-54kwp-17-painel-sunova-620w-micro-growatt-11-25kw-220v-20mppt","R$ 16.622,80","À vista no PIX com 15% OFF"
"","","","Kit Energia Solar Ongrid 1500kWh Mês 11,16kWp 18 Painel Sunova 620W MicroInversor SAJ 11,25kW 220V 20MPPT","https://www.meugerador.com.br/collections/kits-solar-ongrid/products/kit-energia-solar-ongrid-1500kwh-mes-11-16kwp-18-painel-sunova-620w-microinversor-saj-11-25kw-220v-20mppt","R$ 16.695,11","À vista no PIX com 15% OFF"
"","","","Kit Energia Solar Ongrid 1600kWh Mês 12,40kWp 20 Painel Sunova 620W Inversor SAJ 8kW 2MPPT","https://www.meugerador.com.br/collections/kits-solar-ongrid/products/kit-energia-solar-ongrid-1600kwh-mes-12-40kwp-20-painel-sunova-620w-inversor-saj-8kw-2mppt","R$ 16.901,98","À vista no PIX com 15% OFF"
"","","","Kit Energia Solar Ongrid 1500kWh Mês 11,16kWp 18 Painel Sunova 620W MicroInversor Deye 11,25kW 220V 20MPPT","https://www.meugerador.com.br/collections/kits-solar-ongrid/products/kit-energia-solar-ongrid-1500kwh-mes-11-16kwp-18-painel-sunova-620w-microinversor-deye-11-25kw-220v-20mppt","R$ 17.063,04","À vista no PIX com 15% OFF"
"","","","Kit Energia Solar Ongrid 1500kWh Mês 11,16kWp 18 Painel Sunova 620W Micro Growatt 11,25kW 220V 20MPPT","https://www.meugerador.com.br/collections/kits-solar-ongrid/products/kit-energia-solar-ongrid-1500kwh-mes-11-16kwp-18-painel-sunova-620w-micro-growatt-11-25kw-220v-20mppt","R$ 17.225,85","À vista no PIX com 15% OFF"
"","","","Kit Energia Solar Ongrid 1550kWh Mês 11,78kWp 19 Painel Sunova 620W MicroInversor SAJ 11,25kW 220V 20MPPT","https://www.meugerador.com.br/collections/kits-solar-ongrid/products/kit-energia-solar-ongrid-1550kwh-mes-11-78kwp-19-painel-sunova-620w-microinversor-saj-11-25kw-220v-20mppt","R$ 17.298,15","À vista no PIX com 15% OFF"
"","","","Kit Energia Solar Ongrid 1600kWh Mês 12,40kWp 20 Painel Sunova 620W Inversor Growatt 10kW X2 220V 3MPPT","https://www.meugerador.com.br/collections/kits-solar-ongrid/products/kit-energia-solar-ongrid-1600kwh-mes-12-40kwp-20-painel-sunova-620w-inversor-growatt-10kw-x2-220v-3mppt","R$ 17.647,62","À vista no PIX com 15% OFF"
"","","","Kit Energia Solar Ongrid 1550kWh Mês 11,78kWp 19 Painel Sunova 620W MicroInversor Deye 11,25kW 220V 20MPPT","https://www.meugerador.com.br/collections/kits-solar-ongrid/products/kit-energia-solar-ongrid-1550kwh-mes-11-78kwp-19-painel-sunova-620w-microinversor-deye-11-25kw-220v-20mppt","R$ 17.666,09","À vista no PIX com 15% OFF"
"","","","Kit Energia Solar Ongrid 1550kWh Mês 11,78kWp 19 Painel Sunova 620W Micro Growatt 11,25kW 220V 20MPPT","https://www.meugerador.com.br/collections/kits-solar-ongrid/products/kit-energia-solar-ongrid-1550kwh-mes-11-78kwp-19-painel-sunova-620w-micro-growatt-11-25kw-220v-20mppt","R$ 17.828,89","À vista no PIX com 15% OFF"
"","","","Kit Energia Solar Ongrid 1600kWh Mês 12,40kWp 20 Painel Sunova 620W MicroInversor SAJ 11,25kW 220V 20MPPT","https://www.meugerador.com.br/collections/kits-solar-ongrid/products/kit-energia-solar-ongrid-1600kwh-mes-12-40kwp-20-painel-sunova-620w-microinversor-saj-11-25kw-220v-20mppt","R$ 17.901,20","À vista no PIX com 15% OFF"
"","","","Kit Energia Solar Ongrid 1600kWh Mês 12,40kWp 20 Painel Sunova 620W MicroInversor Deye 11,25kW 220V 20MPPT","https://www.meugerador.com.br/collections/kits-solar-ongrid/products/kit-energia-solar-ongrid-1600kwh-mes-12-40kwp-20-painel-sunova-620w-microinversor-deye-11-25kw-220v-20mppt","R$ 18.269,14","À vista no PIX com 15% OFF"
"","","","Kit Energia Solar Ongrid 1600kWh Mês 12,40kWp 20 Painel Sunova 620W Micro Growatt 11,25kW 220V 20MPPT","https://www.meugerador.com.br/collections/kits-solar-ongrid/products/kit-energia-solar-ongrid-1600kwh-mes-12-40kwp-20-painel-sunova-620w-micro-growatt-11-25kw-220v-20mppt","R$ 18.431,94","À vista no PIX com 15% OFF"
"","","","Kit Energia Solar Ongrid 1700kWh Mês 13,02kWp 21 Painel Sunova 620W Inversor Sungrow 10kW 220V 3MPPT","https://www.meugerador.com.br/collections/kits-solar-ongrid/products/kit-energia-solar-ongrid-1700kwh-mes-13-02kwp-21-painel-sunova-620w-inversor-sungrow-10kw-220v-3mppt","R$ 18.475,56","À vista no PIX com 15% OFF"
"","","","Kit Energia Solar Ongrid 1900kWh Mês 14,26kWp 23 Painel Sunova 620W Inversor SAJ 10kW 220V 3MPPT","https://www.meugerador.com.br/collections/kits-solar-ongrid/products/kit-energia-solar-ongrid-1900kwh-mes-14-26kwp-23-painel-sunova-620w-inversor-saj-10kw-220v-3mppt","R$ 18.805,37","À vista no PIX com 15% OFF"
"","","","Kit Energia Solar Ongrid 1800kWh Mês 13,64kWp 22 Painel Sunova 620W Growatt 10kW TL-X2 220V 3MPPT","https://www.meugerador.com.br/collections/kits-solar-ongrid/products/kit-energia-solar-ongrid-1800kwh-mes-13-64kwp-22-painel-sunova-620w-growatt-10kw-tl-x2-220v-3mppt","R$ 18.812,51","À vista no PIX com 15% OFF"
"","","","Kit Energia Solar Ongrid 1800kWh Mês 13,64kWp 22 Painel Sunova 620W Inversor Sungrow 10kW 220V 3MPPT","https://www.meugerador.com.br/collections/kits-solar-ongrid/products/kit-energia-solar-ongrid-1800kwh-mes-13-64kwp-22-painel-sunova-620w-inversor-sungrow-10kw-220v-3mppt","R$ 19.058,00","À vista no PIX com 15% OFF"
"","","","Kit Energia Solar Ongrid 1900kWh Mês 14,26kWp 23 Painel Sunova 620W Inversor Growatt 10kW MIN10TL-X2 220V 3MPPT","https://www.meugerador.com.br/collections/kits-solar-ongrid/products/kit-energia-solar-ongrid-1900kwh-mes-14-26kwp-23-painel-sunova-620w-inversor-growatt-10kw-min10tl-x2-220v-3mppt","R$ 19.394,94","À vista no PIX com 15% OFF"
"","","","Kit Energia Solar Ongrid 1900kWh Mês 14,26kWp 23 Painel Sunova 620W Inversor Sungrow 10kW 220V 3MPPT","https://www.meugerador.com.br/collections/kits-solar-ongrid/products/kit-energia-solar-ongrid-1900kwh-mes-14-26kwp-23-painel-sunova-620w-inversor-sungrow-10kw-220v-3mppt","R$ 19.640,44","À vista no PIX com 15% OFF"
"","","","Kit Energia Solar Ongrid 2000kWh Mês 14,88kWp 24 Painel Sunova 620W Inversor Growatt 10kW TL-X2 220V 3MPPT","https://www.meugerador.com.br/collections/kits-solar-ongrid/products/kit-energia-solar-ongrid-2000kwh-mes-14-88kwp-24-painel-sunova-620w-inversor-growatt-10kw-tl-x2-220v-3mppt","R$ 19.977,39","À vista no PIX com 15% OFF"
"","","","Kit Energia Solar Ongrid 2000kWh Mês 14,88kWp 24 Painel Sunova 620W Inversor Sungrow 10kW 220V 3MPPT","https://www.meugerador.com.br/collections/kits-solar-ongrid/products/kit-energia-solar-ongrid-2000kwh-mes-14-88kwp-24-painel-sunova-620w-inversor-sungrow-10kw-220v-3mppt","R$ 20.222,89","À vista no PIX com 15% OFF"
"","","","Kit Energia Solar Ongrid 2050kWh Mês 15,50kWp 25 Painel Sunova 620W Inversor Sungrow 10kW 220V 3MPPT","https://www.meugerador.com.br/collections/kits-solar-ongrid/products/kit-energia-solar-ongrid-2050kwh-mes-15-50kwp-25-painel-sunova-620w-inversor-sungrow-10kw-220v-3mppt","R$ 20.805,33","À vista no PIX com 15% OFF"
"","","","Kit Energia Solar Ongrid 2100kWh Mês 16,12kWp 26 Painel Sunova 620W Inversor SAJ 10kW 220V 3MPPT","https://www.meugerador.com.br/collections/kits-solar-ongrid/products/kit-energia-solar-ongrid-2100kwh-mes-16-12kwp-26-painel-sunova-620w-inversor-saj-10kw-220v-3mppt","R$ 20.992,88","À vista no PIX com 15% OFF"
"","","","Kit Energia Solar Ongrid 2100kWh Mês 16,12kWp 26 Painel Sunova 620W Inversor Growatt 15kW Trifásico 220V 4MPPT","https://www.meugerador.com.br/collections/kits-solar-ongrid/products/kit-energia-solar-ongrid-2100kwh-mes-16-12kwp-26-painel-sunova-620w-inversor-growatt-15kw-trifasico-220v-4mppt","R$ 24.614,57","À vista no PIX com 15% OFF"
"","","","Kit Energia Solar Ongrid 2300kWh Mês 17,36kWp 28 Painel Sunova 620W Inversor SAJ 15kW Trifásico 220V 2MPPT","https://www.meugerador.com.br/collections/kits-solar-ongrid/products/kit-energia-solar-ongrid-2300kwh-mes-17-36kwp-28-painel-sunova-620w-inversor-saj-15kw-trifasico-220v-2mppt","R$ 25.638,55","À vista no PIX com 15% OFF"
"","","","Kit Energia Solar Ongrid 2300kWh Mês 17,36kWp 28 Painel Sunova 620W Inversor Growatt 15kW Trifásico 220V 4MPPT","https://www.meugerador.com.br/collections/kits-solar-ongrid/products/kit-energia-solar-ongrid-2300kwh-mes-17-36kwp-28-painel-sunova-620w-inversor-growatt-15kw-trifasico-220v-4mppt","R$ 26.219,64","À vista no PIX com 15% OFF"
"","","","Kit Energia Solar Ongrid 2500kWh Mês 18,60kWp 30 Painel Sunova 620W Inversor SAJ 15kW Trifásico 220V 2MPPT","https://www.meugerador.com.br/collections/kits-solar-ongrid/products/kit-energia-solar-ongrid-2500kwh-mes-18-60kwp-30-painel-sunova-620w-inversor-saj-15kw-trifasico-220v-2mppt","R$ 26.803,43","À vista no PIX com 15% OFF"
"","","","Kit Energia Solar Ongrid 2500kWh Mês 18,60kWp 30 Painel Sunova 620W Inversor Growatt 15kW Trifásico 220V 4MPPT","https://www.meugerador.com.br/collections/kits-solar-ongrid/products/kit-energia-solar-ongrid-2500kwh-mes-18-60kwp-30-painel-sunova-620w-inversor-growatt-15kw-trifasico-220v-4mppt","R$ 27.384,53","À vista no PIX com 15% OFF"
"","","","Kit Energia Solar Ongrid 2600kWh Mês 19,84kWp 32 Painel Sunova 620W Inversor SAJ 15kW Trifásico 220V 2MPPT","https://www.meugerador.com.br/collections/kits-solar-ongrid/products/kit-energia-solar-ongrid-2600kwh-mes-19-84kwp-32-painel-sunova-620w-inversor-saj-15kw-trifasico-220v-2mppt","R$ 27.968,32","À vista no PIX com 15% OFF"
"","","","Kit Energia Solar Ongrid 2600kWh Mês 19,84kWp 32 Painel Sunova 620W Inversor Growatt 15kW Trifásico 220V 4MPPT","https://www.meugerador.com.br/collections/kits-solar-ongrid/products/kit-energia-solar-ongrid-2600kwh-mes-19-84kwp-32-painel-sunova-620w-inversor-growatt-15kw-trifasico-220v-4mppt","R$ 28.549,41","À vista no PIX com 15% OFF"
"","","","Kit Energia Solar Ongrid 2800kWh Mês 21,08kWp 34 Painel Sunova 620W Inversor SAJ 15kW Trifásico 220V 2MPPT","https://www.meugerador.com.br/collections/kits-solar-ongrid/products/kit-energia-solar-ongrid-2800kwh-mes-21-08kwp-34-painel-sunova-620w-inversor-saj-15kw-trifasico-220v-2mppt","R$ 29.133,20","À vista no PIX com 15% OFF"
"","","","Kit Energia Solar Ongrid 2800kWh Mês 21,08kWp 34 Painel Sunova 620W Inversor Growatt 15kW Trifásico 220V 4MPPT","https://www.meugerador.com.br/collections/kits-solar-ongrid/products/kit-energia-solar-ongrid-2800kwh-mes-21-08kwp-34-painel-sunova-620w-inversor-growatt-15kw-trifasico-220v-4mppt","R$ 29.714,29","À vista no PIX com 15% OFF"
"","","","Kit Energia Solar Ongrid 3000kWh Mês 22,32kWp 36 Painel Sunova 620W Inversor SAJ 15kW Trifásico 220V 2MPPT","https://www.meugerador.com.br/collections/kits-solar-ongrid/products/kit-energia-solar-ongrid-3000kwh-mes-22-32kwp-36-painel-sunova-620w-inversor-saj-15kw-trifasico-220v-2mppt","R$ 30.298,09","À vista no PIX com 15% OFF"
"","","","Kit Energia Solar Ongrid 3000kWh Mês 22,32kWp 36 Painel Sunova 620W Inversor Growatt 15kW Trifásico 220V 4MPPT","https://www.meugerador.com.br/collections/kits-solar-ongrid/products/kit-energia-solar-ongrid-3000kwh-mes-22-32kwp-36-painel-sunova-620w-inversor-growatt-15kw-trifasico-220v-4mppt","R$ 30.879,17","À vista no PIX com 15% OFF"
"","","","Kit Energia Solar Ongrid 3100kWh Mês 23,56kWp 38 Painel Sunova 620W Inversor SAJ 15kW Trifásico 220V 2MPPT","https://www.meugerador.com.br/collections/kits-solar-ongrid/products/kit-energia-solar-ongrid-3100kwh-mes-23-56kwp-38-painel-sunova-620w-inversor-saj-15kw-trifasico-220v-2mppt","R$ 31.462,97","À vista no PIX com 15% OFF"
"","","","Kit Energia Solar Ongrid 3100kWh Mês 23,56kWp 38 Painel Sunova 620W Inversor Growatt 15kW Trifásico 220V 4MPPT","https://www.meugerador.com.br/collections/kits-solar-ongrid/products/kit-energia-solar-ongrid-3100kwh-mes-23-56kwp-38-painel-sunova-620w-inversor-growatt-15kw-trifasico-220v-4mppt","R$ 32.044,07","À vista no PIX com 15% OFF"
"","","","Kit Energia Solar Ongrid 3300kWh Mês 24,80WP 40 Painel Sunova 620W Inversor Saj 20KW Trifásico 220V 3MPPT","https://www.meugerador.com.br/collections/kits-solar-ongrid/products/kit-energia-solar-ongrid-3300kwh-mes-24-80wp-40-painel-sunova-620w-inversor-saj-20kw-trifasico-220v-3mppt","R$ 34.389,47","À vista no PIX com 15% OFF"
"","","","Kit Energia Solar Ongrid 3300kWh Mês 24,80kWp 40 Painel Sunova 620W Inversor Growatt 25kW Trifásico 220V 4MPPT","https://www.meugerador.com.br/collections/kits-solar-ongrid/products/kit-energia-solar-ongrid-3300kwh-mes-24-80kwp-40-painel-sunova-620w-inversor-growatt-25kw-trifasico-220v-4mppt","R$ 35.506,34","À vista no PIX com 15% OFF"
"","","","Kit Energia Solar Ongrid 3500kWh Mês 26,04WP 42 Painel Sunova 620W Inversor Saj 20KW Trifásico 220V 3MPPT","https://www.meugerador.com.br/collections/kits-solar-ongrid/products/kit-energia-solar-ongrid-3500kwh-mes-26-04wp-42-painel-sunova-620w-inversor-saj-20kw-trifasico-220v-3mppt","R$ 35.554,35","À vista no PIX com 15% OFF"
"","","","Kit Energia Solar Ongrid 3500kWh Mês 26,04kWp 42 Painel Sunova 620W Inversor Growatt 25kW Trifásico 220V 4MPPT","https://www.meugerador.com.br/collections/kits-solar-ongrid/products/kit-energia-solar-ongrid-3500kwh-mes-26-04kwp-42-painel-sunova-620w-inversor-growatt-25kw-trifasico-220v-4mppt","R$ 36.671,23","À vista no PIX com 15% OFF"
"","","","Kit Energia Solar Ongrid 3600kWh Mês 27,28WP 44 Painel Sunova 620W Inversor Saj 20KW Trifásico 220V 3MPPT","https://www.meugerador.com.br/collections/kits-solar-ongrid/products/kit-energia-solar-ongrid-3600kwh-mes-27-28wp-44-painel-sunova-620w-inversor-saj-20kw-trifasico-220v-3mppt","R$ 36.719,24","À vista no PIX com 15% OFF"
"","","","Kit Energia Solar Ongrid 3600kWh Mês 27,28kWp 44 Painel Sunova 620W Inversor Growatt 25kW Trifásico 220V 3MPPT","https://www.meugerador.com.br/collections/kits-solar-ongrid/products/kit-energia-solar-ongrid-3600kwh-mes-27-28kwp-44-painel-sunova-620w-inversor-growatt-25kw-trifasico-220v-3mppt","R$ 37.836,12","À vista no PIX com 15% OFF"
"","","","Kit Energia Solar Ongrid 3800kWh Mês 28,52WP 46 Painel Sunova 620W Inversor Saj 20KW Trifásico 220V 3MPPT","https://www.meugerador.com.br/collections/kits-solar-ongrid/products/kit-energia-solar-ongrid-3800kwh-mes-28-52wp-46-painel-sunova-620w-inversor-saj-20kw-trifasico-220v-3mppt","R$ 37.884,13","À vista no PIX com 15% OFF"
"","","","Kit Energia Solar Ongrid 4000kWh Mês 29,76WP 48 Painel Sunova 620W Inversor Saj 20KW Trifásico 220V 3MPPT","https://www.meugerador.com.br/collections/kits-solar-ongrid/products/kit-energia-solar-ongrid-4000kwh-mes-29-76wp-48-painel-sunova-620w-inversor-saj-20kw-trifasico-220v-3mppt","R$ 39.049,01","À vista no PIX com 15% OFF"
"","","","Kit Energia Solar Ongrid 3800kWh Mês 28,52kWp 46 Painel Sunova 620W Inversor Growatt 25kW Trifásico 220V 4MPPT","https://www.meugerador.com.br/collections/kits-solar-ongrid/products/kit-energia-solar-ongrid-3800kwh-mes-28-52kwp-46-painel-sunova-620w-inversor-growatt-25kw-trifasico-220v-4mppt","R$ 39.441,18","À vista no PIX com 15% OFF"
"","","","Kit Energia Solar Ongrid 4150kWh Mês 31WP 50 Painel Sunova 620W Inversor Saj 20kW Trifásico 220V 3MPPT","https://www.meugerador.com.br/collections/kits-solar-ongrid/products/kit-energia-solar-ongrid-4150kwh-mes-31wp-50-painel-sunova-620w-inversor-saj-20kw-trifasico-220v-3mppt","R$ 40.213,89","À vista no PIX com 15% OFF"
"","","","Kit Energia Solar Ongrid 4000kWh Mês 29,76kWp 48 Painel Sunova 620W Inversor Growatt 25kW Trifásico 220V 4MPPT","https://www.meugerador.com.br/collections/kits-solar-ongrid/products/kit-energia-solar-ongrid-4000kwh-mes-29-76kwp-48-painel-sunova-620w-inversor-growatt-25kw-trifasico-220v-4mppt","R$ 40.606,06","À vista no PIX com 15% OFF"
"","","","Kit Energia Solar Ongrid 4150kWh Mês 31kWp 50 Painel Sunova 620W Inversor Growatt 25kW Trifásico 220V 4MPPT","https://www.meugerador.com.br/collections/kits-solar-ongrid/products/kit-energia-solar-ongrid-4150kwh-mes-31kwp-50-painel-sunova-620w-inversor-growatt-25kw-trifasico-220v-4mppt","R$ 41.770,95","À vista no PIX com 15% OFF"
"","","","Kit Energia Solar Ongrid 4300kWh Mês 32,24kWp 52 Painel Sunova 620W Inversor Growatt 25kW Trifásico 220V 3MPPT","https://www.meugerador.com.br/collections/kits-solar-ongrid/products/kit-energia-solar-ongrid-4300kwh-mes-32-24kwp-52-painel-sunova-620w-inversor-growatt-25kw-trifasico-220v-3mppt","R$ 42.935,83","À vista no PIX com 15% OFF"
"","","","Kit Energia Solar Ongrid 4500kWh Mês 33,48kWp 54 Painel Sunova 620W Inversor Growatt 25kW Trifásico 220V 3MPPT","https://www.meugerador.com.br/collections/kits-solar-ongrid/products/kit-energia-solar-ongrid-4500kwh-mes-33-48kwp-54-painel-sunova-620w-inversor-growatt-25kw-trifasico-220v-3mppt","R$ 44.100,72","À vista no PIX com 15% OFF"
"","","","Kit Energia Solar Ongrid 4650kWh Mês 34,72kWp 56 Painel Sunova 620W Inversor Growatt 25kW Trifásico 220V 3MPPT","https://www.meugerador.com.br/collections/kits-solar-ongrid/products/kit-energia-solar-ongrid-4650kwh-mes-34-72kwp-56-painel-sunova-620w-inversor-growatt-25kw-trifasico-220v-3mppt","R$ 45.265,60","À vista no PIX com 15% OFF"
"","","","Kit Energia Solar Ongrid 4800kWh Mês 35,96kWp 58 Painel Sunova 620W Inversor Growatt 25kW Trifásico 220V 3MPPT","https://www.meugerador.com.br/collections/kits-solar-ongrid/products/kit-energia-solar-ongrid-4800kwh-mes-35-96kwp-58-painel-sunova-620w-inversor-growatt-25kw-trifasico-220v-3mppt","R$ 46.430,49","À vista no PIX com 15% OFF"
"","","","Kit Energia Solar Ongrid 5000kWh Mês 37,20kWp 60 Painel Sunova 620W Inversor Growatt 25kW Trifásico 220V 3MPPT","https://www.meugerador.com.br/collections/kits-solar-ongrid/products/kit-energia-solar-ongrid-5000kwh-mes-37-20kwp-60-painel-sunova-620w-inversor-growatt-25kw-trifasico-220v-3mppt","R$ 48.035,55","À vista no PIX com 15% OFF"
"","","","Kit Energia Solar Ongrid 250kWh Mês 1,86kWp 3 Painel Sunova 620W Inversor Deye 3kW 1MPPT","https://www.meugerador.com.br/collections/kits-solar-ongrid/products/kit-energia-solar-ongrid-250kwh-mes-1-86kwp-3-painel-sunova-620w-inversor-deye-3kw-1mppt","",""
"","","","Kit Energia Solar Ongrid 300kWh Mês 2,48kWp 4 Painel Sunova 620W Inversor Deye 3kW 1MPPT","https://www.meugerador.com.br/collections/kits-solar-ongrid/products/kit-energia-solar-ongrid-300kwh-mes-2-48kwp-4-painel-sunova-620w-inversor-deye-3kw-1mppt","",""
"","","","Kit Energia Solar Ongrid 400kWh Mês 3,10kWp 5 Painel Sunova 620W Inversor Deye 3kW 1MPPT","https://www.meugerador.com.br/collections/kits-solar-ongrid/products/kit-energia-solar-ongrid-400kwh-mes-3-10kwp-5-painel-sunova-620w-inversor-deye-3kw-1mppt","",""
"","","","Kit Energia Solar Ongrid 500kWh Mês 3,72kWp 6 Painel Sunova 620W Inversor Deye 3kW 220V 1MPPT","https://www.meugerador.com.br/collections/kits-solar-ongrid/products/kit-energia-solar-ongrid-500kwh-mes-3-72kwp-6-painel-sunova-620w-inversor-deye-3kw-220v-1mppt","",""
"","","","Kit Energia Solar Ongrid 600KWH Mês 4,96KWP 8 Painel Sunova 620W Inversor Sofar 3,3KW 220V 1MPPT","https://www.meugerador.com.br/collections/kits-solar-ongrid/products/kit-energia-solar-ongrid-600kwh-mes-4-96kwp-8-painel-sunova-620w-inversor-sofar-3-3kw-220v-1mppt","",""
"","","","Kit Energia Solar Ongrid 550kWh Mês 4,34kWp 7 Painel Sunova 620W Inversor Deye 3kW 220V 1MPPT","https://www.meugerador.com.br/collections/kits-solar-ongrid/products/kit-energia-solar-ongrid-550kwh-mes-4-34kwp-7-painel-sunova-620w-inversor-deye-3kw-220v-1mppt","",""
"","","","Kit Energia Solar Ongrid 600kWh Mês 4,96kWp 8 Painel Sunova 620W Inversor Deye 5kW 220V 2MPPT","https://www.meugerador.com.br/collections/kits-solar-ongrid/products/kit-energia-solar-ongrid-600kwh-mes-4-96kwp-8-painel-sunova-620w-inversor-deye-5kw-220v-2mppt","",""
"","","","Kit Energia Solar Ongrid 700kWh Mês 5,58kWp 9 Painel Sunova 620W Inversor Deye 5kW 220V 2MPPT","https://www.meugerador.com.br/collections/kits-solar-ongrid/products/kit-energia-solar-ongrid-700kwh-mes-5-58kwp-9-painel-sunova-620w-inversor-deye-5kw-220v-2mppt","",""
"","","","Kit Energia Solar Ongrid 800kWh Mês 6,20kWp 10 Painel Sunova 620W Inversor Deye 5kW 220V 2MPPT","https://www.meugerador.com.br/collections/kits-solar-ongrid/products/kit-energia-solar-ongrid-800kwh-mes-6-20kwp-10-painel-sunova-620w-inversor-deye-5kw-220v-2mppt","",""
"","","","Kit Energia Solar Ongrid 700kWh Mês 5,58kWp 9 Painel Sunova 620W Inversor Livoltek 6kW 220V 2MPPT","https://www.meugerador.com.br/collections/kits-solar-ongrid/products/kit-energia-solar-ongrid-700kwh-mes-5-58kwp-9-painel-sunova-620w-inversor-livoltek-6kw-220v-2mppt","",""
"","","","Kit Energia Solar Ongrid 900kWh Mês 6,82kWp 11 Painel Sunova 620W Inversor Deye 5kW 220V 2MPPT","https://www.meugerador.com.br/collections/kits-solar-ongrid/products/kit-energia-solar-ongrid-900kwh-mes-6-82kwp-11-painel-sunova-620w-inversor-deye-5kw-220v-2mppt","",""
"","","","Kit Energia Solar Ongrid 800kWh Mês 6,20kWp 10 Painel Sunova 620W Inversor Livoltek 6kW 220V 2MPPT","https://www.meugerador.com.br/collections/kits-solar-ongrid/products/kit-energia-solar-ongrid-800kwh-mes-6-20kwp-10-painel-sunova-620w-inversor-livoltek-6kw-220v-2mppt","",""
"","","","Kit Energia Solar Ongrid 1000kWh Mês 7,44kWp 12 Painel Sunova 620W Inversor Livoltek 6kW 220V 2MPPT","https://www.meugerador.com.br/collections/kits-solar-ongrid/products/kit-energia-solar-ongrid-1000kwh-mes-7-44kwp-12-painel-sunova-620w-inversor-livoltek-6kw-220v-2mppt","",""
"","","","Kit Energia Solar Ongrid 1050kWh Mês 8,06kWp 13 Painel Sunova 620W Inversor Livoltek 6kW 220V 2MPPT","https://www.meugerador.com.br/collections/kits-solar-ongrid/products/kit-energia-solar-ongrid-1050kwh-mes-8-06kwp-13-painel-sunova-620w-inversor-livoltek-6kw-220v-2mppt","",""
"","","","Kit Energia Solar Ongrid 1100kWh Mês 8,68kWp 14 Painel Sunova 620W Inversor Livoltek 6kW 220V 2MPPT","https://www.meugerador.com.br/collections/kits-solar-ongrid/products/kit-energia-solar-ongrid-1100kwh-mes-8-68kwp-14-painel-sunova-620w-inversor-livoltek-6kw-220v-2mppt","",""
"","","","Kit Energia Solar Ongrid 1200kWh Mês 9,3kWp 15 Painel Sunova 620W Inversor Livoltek 6kW 220V 2MPPT","https://www.meugerador.com.br/collections/kits-solar-ongrid/products/kit-energia-solar-ongrid-1200kwh-mes-9-3kwp-15-painel-sunova-620w-inversor-livoltek-6kw-220v-2mppt","",""
"","","","Kit Energia Solar Ongrid 1500kWh Mês 11,16kWp 18 Painel Sunova 620W Inversor Deye 10kW 220V 2MPPT","https://www.meugerador.com.br/collections/kits-solar-ongrid/products/kit-energia-solar-ongrid-1500kwh-mes-11-16kwp-18-painel-sunova-620w-inversor-deye-10kw-220v-2mppt","",""
"","","","Kit Energia Solar Ongrid 1550kWh Mês 11,78kWp 19 Painel Sunova 620W Inversor Deye 10kW 220V 2MPPT","https://www.meugerador.com.br/collections/kits-solar-ongrid/products/kit-energia-solar-ongrid-1550kwh-mes-11-78kwp-19-painel-sunova-620w-inversor-deye-10kw-220v-2mppt","",""
"","","","Kit Energia Solar Ongrid 1600kWh Mês 12,40kWp 20 Painel Sunova 620W Inversor Deye 10kW 220V 2MPPT","https://www.meugerador.com.br/collections/kits-solar-ongrid/products/kit-energia-solar-ongrid-1600kwh-mes-12-40kwp-20-painel-sunova-620w-inversor-deye-10kw-220v-2mppt","",""
"","","","Kit Energia Solar Ongrid 1700kWh Mês 13,02kWp 21 Painel Sunova 620W Inversor Deye 10kW 220V 2MPPT","https://www.meugerador.com.br/collections/kits-solar-ongrid/products/kit-energia-solar-ongrid-1700kwh-mes-13-02kwp-21-painel-sunova-620w-inversor-deye-10kw-220v-2mppt","",""
"","","","Kit Energia Solar Ongrid 1800kWh Mês 13,64kWp 22 Painel Sunova 620W Inversor Deye 10kW 220V 2MPPT","https://www.meugerador.com.br/collections/kits-solar-ongrid/products/kit-energia-solar-ongrid-1800kwh-mes-13-64kwp-22-painel-sunova-620w-inversor-deye-10kw-220v-2mppt","",""
"","","","Kit Energia Solar Ongrid 2000kWh Mês 14,88kWp 24 Painel Sunova 620W Inversor Deye 15kW Trifásico 220V 2MPPT","https://www.meugerador.com.br/collections/kits-solar-ongrid/products/kit-energia-solar-ongrid-2000kwh-mes-14-88kwp-24-painel-sunova-620w-inversor-deye-15kw-trifasico-220v-2mppt","",""